country_id,iso3,ne_name,n_pixels_cropland,cropped_ha_total,soc_stock_cwm_t_ha,n_stock_cwm_t_ha,buffer_proxy_cwm_t_ha,c_to_n_ratio_cwm,n_pixels,soc_stock_median_allland_t_ha,n_stock_median_allland_t_ha,c_to_n_ratio_median_allland,n_stock_mean_allland_t_ha,enough_pixels,buffer_proxy_t_ha
168,FRO,Faroe Islands,2,10.106806755065918,89.59045835651041,34.981746983205404,34.981746983205404,2.561063013791805,28,90.0,34.007027,2.6465118,33.25123197382147,False,34.981746983205404
207,BHS,The Bahamas,166,3459.291610624641,67.39216023949477,26.094263479688536,26.094263479688536,2.5826427441399917,278,68.0,24.419674,2.78464,25.874788761138916,True,26.094263479688536
199,BTN,Bhutan,1507,124406.69829691947,61.57819671056328,19.26127442088177,19.26127442088177,3.1969949321631788,1536,64.0,13.19105,4.8517747,17.662327192441943,True,19.26127442088177
67,KNA,Saint Kitts and Nevis,3,895.2527618408203,69.71110727602064,19.05251797365611,19.05251797365611,3.6588920883008798,7,72.0,18.894798,3.8105726,18.74731508890788,False,19.05251797365611
118,LVA,Latvia,2420,909139.0365999341,63.711861693214864,16.91785667772727,16.91785667772727,3.7659535074022075,2492,65.0,15.687975,4.143301,16.85000457506133,True,16.91785667772727
203,BLR,Belarus,7954,5925017.062220812,48.12800373078848,16.631191045165043,16.631191045165043,2.8938398699220085,8125,48.0,15.98255,3.0032754,16.91817594640914,True,16.631191045165043
145,GHA,Ghana,8856,4590119.4055622015,36.946070111514516,16.44605149959735,16.44605149959735,2.2465009374693414,9205,35.0,6.661975,5.2536974,11.97416441280545,True,16.44605149959735
214,ATG,Antigua and Barbuda,9,1340.7595872879028,61.2081707630535,16.4160414604766,16.4160414604766,3.7285584902072046,9,63.0,18.07275,3.4859111,18.778188705444336,True,16.4160414604766
216,AND,Andorra,16,414.3351582288742,75.47452944207703,16.401885341026635,16.401885341026635,4.601576457389922,19,77.0,15.791999,4.875887,15.34278412869102,True,16.401885341026635
112,LTU,Lithuania,2404,2256810.349807345,53.12470016506787,15.503117487457725,15.503117487457725,3.4267108023948487,2483,51.0,14.4615,3.5266051,15.525377049061085,True,15.503117487457725
26,MSR,Montserrat,1,58.97028350830078,83.99999556312355,15.328199397802118,15.328199397802118,5.480095436073734,1,84.0,15.328199,5.480096,15.32819938659668,False,15.328199397802118
22,CYM,Cayman Islands,1,56.35909652709961,74.00000175982468,15.22180011247987,15.22180011247987,4.861448791405061,1,74.0,15.2218,4.861449,15.221799850463867,False,15.22180011247987
58,SYC,Seychelles,4,49.08059358596802,83.74820451948045,15.11981837270795,15.11981837270795,5.538968951548404,4,83.0,15.474299,5.3637323,15.452787160873411,False,15.11981837270795
130,IRL,Ireland,2376,536829.0308726714,83.30669041647427,15.026442152087597,15.026442152087597,5.544006330527191,2558,93.0,17.09375,5.440585,18.561172640727655,True,15.026442152087597
66,LCA,Saint Lucia,18,16967.078674316406,71.83999523593923,14.91061824304842,14.91061824304842,4.818042690445263,18,72.0,14.890399,4.8353305,15.13249683380127,True,14.91061824304842
113,LIE,Liechtenstein,3,2667.6533813476562,65.82503334867982,14.777224696193384,14.777224696193384,4.454492281330497,6,75.0,16.525051,4.5385637,16.84210033416748,False,14.777224696193384
43,CHE,Switzerland,1197,336063.0265679827,80.34426315230425,14.734328226155217,14.734328226155217,5.452862317108116,1493,81.0,15.176325,5.3372607,15.398927547778303,True,14.734328226155217
27,GBR,United Kingdom,7074,5046333.639238909,71.67885093971721,14.236197924284008,14.236197924284008,5.034971508611012,8654,81.0,15.14045,5.3499074,19.0686466817244,True,14.236197924284008
204,BRB,Barbados,9,6650.482421875,60.92303145807933,13.930680912774479,13.930680912774479,4.373298896123068,13,59.0,13.71895,4.3006206,13.860672526889378,True,13.930680912774479
82,NOR,Norway,3897,432400.57891132677,82.04460115194722,13.815620387130622,13.815620387130622,5.938539048769212,11862,87.0,15.778801,5.5137267,17.293079953664392,True,13.815620387130622
62,STP,São Tomé and Principe,32,16768.492212295532,73.67801819669062,13.61327733884748,13.61327733884748,5.412217525785624,35,71.0,12.24525,5.7981668,12.929105702568505,True,13.61327733884748
44,SWE,Sweden,4046,1900339.009783107,82.87977008581964,13.565081136264965,13.565081136264965,6.109788010353171,16005,79.0,12.55925,6.2901845,13.04038900717057,True,13.565081136264965
90,NLD,Netherlands,960,596735.4697551727,64.5553927650793,13.500428611517817,13.500428611517817,4.781729130436957,1135,67.0,12.285299,5.4536724,13.794038468871374,True,13.500428611517817
158,EST,Estonia,1587,717372.1439646184,77.57203586463055,13.491980169713443,13.491980169713443,5.749492282738665,1657,85.0,13.968474,6.085131,14.20193616914453,True,13.491980169713443
29,UKR,Ukraine,20091,23945098.622457344,60.23815043131133,13.478282071599628,13.478282071599628,4.4692750983629,21345,59.0,13.13805,4.4907727,13.607382113848557,True,13.478282071599628
97,MNE,Montenegro,517,336841.64496067166,84.33468793715132,13.353764736371843,13.353764736371843,6.315424122116492,529,84.0,13.159025,6.3834515,13.353121531926668,True,13.353764736371843
165,DMA,Dominica,7,7000.078044891357,77.45453917614687,13.29893000858359,13.29893000858359,5.824118115228445,25,72.0,13.566774,5.307083,14.477886069904674,True,13.29893000858359
46,SUR,Suriname,3209,54716.47910176734,55.22158862972449,13.059587959487628,13.059587959487628,4.2284326887669295,5696,46.0,6.3398,7.2557497,6.963994142458215,True,13.059587959487628
100,MCO,Monaco,1,121.65216827392578,73.00000094072239,12.94499928599171,12.94499928599171,5.639243334661173,1,73.0,12.945,5.639243,12.94499969482422,False,12.94499928599171
155,FIN,Finland,3834,1775515.5797080155,88.29999496135264,12.899026923558797,12.899026923558797,6.845477219687125,11807,78.0,12.41085,6.2848234,12.9526927862296,True,12.899026923558797
55,SVN,Slovenia,695,169672.9737306,71.40979022491236,12.502505319079768,12.502505319079768,5.711638459848173,791,86.0,12.65455,6.7959747,12.8778689863153,True,12.502505319079768
69,RUS,Russia,165502,76772627.41942035,69.09234122347121,12.454127031988364,12.454127031988364,5.5477466261591735,645002,71.0,13.0047,5.4595647,13.33858317479827,True,12.454127031988364
197,BIH,Bosnia and Herzegovina,1996,622611.8746923901,72.20799205620084,12.314969409180353,12.314969409180353,5.863432515096014,2049,75.0,12.22435,6.1352954,12.495389104538305,True,12.314969409180353
13,VIR,United States Virgin Islands,1,10.56969165802002,66.11089110462063,12.163799650369368,12.163799650369368,5.435052615538032,6,65.5,12.163799,5.384831,12.163799285888672,False,12.163799650369368
126,JPN,Japan,12102,2659196.6066684294,81.94725531113875,12.14428649779087,12.14428649779087,6.747803201616292,13182,83.0,12.526325,6.626045,12.038547007965205,True,12.14428649779087
143,GRD,Grenada,7,7380.959899902344,69.23160322526381,12.03415886924734,12.03415886924734,5.752924153443041,8,69.5,12.26195,5.6679406,12.480157034737724,True,12.03415886924734
34,TTO,Trinidad and Tobago,159,44265.52907752991,61.4736318207695,11.913185859226346,11.913185859226346,5.160133699514167,182,66.0,12.547649,5.259949,12.734545426866028,True,11.913185859226346
146,DEU,Germany,11960,10556119.40158797,54.72963367366409,11.617316676488048,11.617316676488048,4.711039149378601,13044,57.0,11.2046995,5.087151,11.820117430848116,True,11.617316676488048
65,VCT,Saint Vincent and the Grenadines,10,9805.461181640625,74.48117447189036,11.616147022661483,11.616147022661483,6.411865683740742,11,73.0,10.821699,6.745706,11.871829509735107,True,11.616147022661483
124,KAZ,Kazakhstan,47513,14850900.144189226,54.93205395829566,11.539891742025665,11.539891742025665,4.760187979775027,105591,43.0,8.977875,4.789552,9.375773251764391,True,11.539891742025665
139,GUY,Guyana,6207,129859.32059479257,53.26018465474835,11.448688192072694,11.448688192072694,4.652077492304034,8419,49.0,6.14835,7.9696183,7.27264224016319,True,11.448688192072694
98,MNG,Mongolia,29181,302174.2469110724,58.828845700554396,11.423562343643358,11.423562343643358,5.149781121760999,61879,34.0,7.9236994,4.290925,8.600457826965416,True,11.423562343643358
73,POL,Poland,11475,11416274.604672529,41.57430682651582,11.319778602422065,11.319778602422065,3.6727137770716003,11942,42.0,10.783901,3.8946943,11.865504943017424,True,11.319778602422065
53,SLB,Solomon Islands,852,49284.25522544794,70.97020128364724,11.291149988143538,11.291149988143538,6.285471485027716,886,69.0,11.237551,6.140128,11.278441914704626,True,11.291149988143538
172,CUB,Cuba,3728,2044440.8243654817,61.09299401847089,11.255514853918676,11.255514853918676,5.427827585976753,4025,62.0,10.595099,5.851762,12.085533584999393,True,11.255514853918676
187,CAN,Canada,70891,32937481.154070213,62.360745312921736,11.135856483285371,11.135856483285371,5.599995420785422,333270,65.0,12.0751,5.3829784,13.039338548893769,True,11.135856483285371
127,JAM,Jamaica,382,153422.2882270813,71.27743017657743,11.064590299167268,11.064590299167268,6.441940302294052,408,72.0,10.784425,6.676295,11.330596680442492,True,11.064590299167268
209,AUT,Austria,2255,1190371.9257620184,55.42025911321816,11.062783263658332,11.062783263658332,5.009612661876496,3230,76.0,13.516799,5.622633,13.869992875640076,True,11.062783263658332
16,PRI,Puerto Rico,240,50049.431522369385,74.25292336363758,10.95742722706048,10.95742722706048,6.776492494539451,285,72.0,10.607475,6.787666,10.903688148657482,True,10.95742722706048
12,MNP,Northern Mariana Islands,4,766.7237179279327,57.96416844302303,10.873237938031755,10.873237938031755,5.33090223660787,8,61.0,12.303551,4.957918,12.931910133361816,False,10.873237938031755
173,HRV,Croatia,1939,1068233.2209562282,59.803956833306415,10.833799360036556,10.833799360036556,5.520127782125053,2065,60.0,11.495474,5.2194457,11.54763966414808,True,10.833799360036556
48,LKA,Sri Lanka,2398,1508168.4344803095,61.04097181180044,10.826665160186405,10.826665160186405,5.638021579929371,2483,57.0,10.9145,5.2224107,11.06616968135039,True,10.826665160186405
147,GEO,Georgia,2478,637417.0666301101,63.25122670413582,10.716121960808465,10.716121960808465,5.902436248435895,2695,74.0,12.132199,6.099471,12.513202186414963,True,10.716121960808465
169,DNK,Denmark,1314,2007688.239659369,56.46127215663275,10.66774790242579,10.66774790242579,5.292707764850138,1428,57.0,10.288025,5.540422,10.92648124912558,True,10.66774790242579
183,CHL,Chile,17601,1480060.3187873748,83.47659356506263,10.624709915611843,10.624709915611843,7.856835078612636,25982,60.0,10.702825,5.6059966,12.174463835265067,True,10.624709915611843
202,BEL,Belgium,978,356740.1105260551,52.36365374186693,10.591898528847347,10.591898528847347,4.943745788278936,1065,56.0,10.8647995,5.1542597,11.077117069992518,True,10.591898528847347
99,MDA,Moldova,1144,1504441.02053833,60.07551723403985,10.590542523785913,10.590542523785913,5.6725627699537355,1210,60.0,10.415199,5.7608113,10.630065193959885,True,10.590542523785913
164,DOM,Dominican Republic,1782,807109.8821949586,63.93904106992349,10.47813222900407,10.47813222900407,6.1021410755761,1839,65.0,10.2672,6.3308396,11.008867610147965,True,10.47813222900407
218,ALB,Albania,1046,397467.18383455276,59.7441288722754,10.429773957655645,10.429773957655645,5.728228542136535,1076,61.0,10.495049,5.812264,10.720013016268584,True,10.429773957655645
14,GUM,Guam,13,5606.396682739258,58.09264973640083,10.321130196835094,10.321130196835094,5.62851631832089,16,57.5,10.114201,5.685076,10.467350079463078,True,10.321130196835094
150,FRA,France,22536,16430731.608386917,50.793366829324796,10.286872989992757,10.286872989992757,4.937687757857751,24317,55.0,10.30945,5.334911,10.572804579115944,True,10.286872989992757
201,BLZ,Belize,727,73787.63439427808,58.68037526308306,10.256321327079593,10.256321327079593,5.721386196057474,880,64.0,10.6648245,6.0010366,10.941818249646357,True,10.256321327079593
111,LUX,Luxembourg,96,31809.89308166504,63.832511710956965,10.255040965254228,10.255040965254228,6.224500899336439,95,64.0,10.3386,6.190393,10.401980439821878,True,10.255040965254228
178,COM,Comoros,44,39545.60962677002,68.31523095035193,10.25060971818104,10.25060971818104,6.664504144488529,45,71.0,10.3243,6.87698,10.317143037584092,True,10.25060971818104
54,SVK,Slovakia,1706,1263782.4230139642,51.715114785365294,10.21203308040702,10.21203308040702,5.0641350628394255,1855,55.0,10.8631,5.0630116,11.132970337101916,True,10.21203308040702
170,CZE,Czechia,2778,2344332.2395466194,50.5222098022486,10.096843520482011,10.096843520482011,5.0037627798986355,2979,51.0,10.23305,4.983851,10.63364624200394,True,10.096843520482011
63,SMR,San Marino,1,808.8414916992188,44.492820703089464,10.011449541539168,10.011449541539168,4.444193672303032,2,44.5,10.01145,4.4449105,10.011449813842772,False,10.011449541539168
136,HUN,Hungary,3329,4410877.850367069,48.783028139838606,9.888769078953608,9.888769078953608,4.933174973583329,3507,47.0,9.793325,4.799187,10.029803539765243,True,9.888769078953608
194,BRN,Brunei,209,9134.727127313614,64.49491337377471,9.823562341635755,9.823562341635755,6.5653284552816755,204,62.5,9.337275,6.693602,9.62300781976609,True,9.823562341635755
179,COL,Colombia,30274,3389113.270780278,74.74984884972564,9.816283152792186,9.816283152792186,7.61488311677964,44711,54.0,7.2978,7.3994904,8.42419820521952,True,9.816283152792186
86,NIC,Nicaragua,3505,485972.307031621,61.88631698858998,9.816266373294042,9.816266373294042,6.304465937981959,4733,60.0,11.107949,5.401537,11.311069300150187,True,9.816266373294042
59,SRB,Republic of Serbia,2902,2603323.103556333,50.33242660968215,9.752719518818058,9.752719518818058,5.1608606719966446,3006,51.0,9.6748,5.2714267,10.014053750289795,True,9.752719518818058
163,ECU,Ecuador,8754,1999678.3152911633,68.32832868747555,9.724819999655482,9.724819999655482,7.026179270145483,9636,63.0,9.05895,6.954448,10.136544097808033,True,9.724819999655482
212,ARM,Armenia,1077,370506.10503196716,55.90749702077131,9.442043518706388,9.442043518706388,5.9211225737318935,1103,60.0,10.1804,5.893678,9.87164387159374,True,9.442043518706388
75,PER,Peru,33343,1880753.3072319636,62.19692421703516,9.424950224196868,9.424950224196868,6.599178004925238,50821,55.0,7.3006496,7.533576,8.066074184233832,True,9.424950224196868
87,NZL,New Zealand,8472,607601.7252965897,95.16729139547195,9.419118650276387,9.419118650276387,10.103630172731654,10026,105.0,10.004299,10.495488,11.335945760199207,True,9.419118650276387
17,USA,United States of America,286769,124756283.79032008,54.05629323256293,9.364585678135484,9.364585678135484,5.772416964348357,353980,47.0,7.6849995,6.1158104,9.51179638340352,True,9.364585678135484
7,VUT,Vanuatu,264,70553.7302699089,72.59455515075764,9.326636252536508,9.326636252536508,7.7835731109396,363,70.0,8.7237,8.024118,9.176992081924224,True,9.326636252536508
137,HND,Honduras,4134,727500.7093821401,65.07015668561502,9.297619307635276,9.297619307635276,6.998582597609573,4401,67.0,9.839951,6.808977,10.06350433074976,True,9.297619307635276
57,SLE,Sierra Leone,2424,417322.31806455366,53.899980223036714,9.226188061373568,9.226188061373568,5.842063901633958,2827,53.0,8.876625,5.970738,9.12762388214469,True,9.226188061373568
77,PNG,Papua New Guinea,17651,774860.2649569027,72.26393562905054,9.222486169033202,9.222486169033202,7.835624180353312,17949,67.0,9.70035,6.9069676,9.904806541391531,True,9.222486169033202
142,GTM,Guatemala,3929,1467611.7392627243,63.08494287203515,9.194351299271034,9.194351299271034,6.861271754651879,4242,65.0,9.9325,6.5441732,10.314388388066623,True,9.194351299271034
128,ITA,Italy,10639,7965765.845546422,50.3861824750578,9.167369767354222,9.167369767354222,5.496252878823243,11220,53.0,9.2203,5.748186,9.87826085217302,True,9.167369767354222
9,URY,Uruguay,6798,736520.1894844493,65.14358964963054,9.156132531995876,9.156132531995876,7.114749532293017,6917,64.0,9.0394,7.080116,9.13419204618567,True,9.156132531995876
70,ROU,Romania,8198,8790664.47015303,43.087802446063726,9.108759646932004,9.108759646932004,4.730369898450058,9008,46.0,9.626824,4.778315,10.014578613603105,True,9.108759646932004
138,HTI,Haiti,948,826316.2870813012,62.6914661883978,9.066056665868313,9.066056665868313,6.9149651826485075,999,62.0,9.0733,6.8332357,9.440588093706486,True,9.066056665868313
83,PRK,North Korea,4636,2462331.72708648,56.42423339061267,8.945235987203903,8.945235987203903,6.3077411788048,4746,60.0,10.5768,5.672793,10.332973615920835,True,8.945235987203903
175,CRI,Costa Rica,1828,408881.2265776191,58.33205824577199,8.929220510160453,8.929220510160453,6.532715613798163,1995,63.0,10.6768,5.9006443,11.281442156256247,True,8.929220510160453
115,LBR,Liberia,1975,370154.3838801342,48.37572548813087,8.88961256901573,8.88961256901573,5.441826076508877,3803,47.0,8.88945,5.287166,9.012377165028804,True,8.88961256901573
74,PHL,Philippines,10407,10007040.261085495,61.3805034662093,8.73319625192385,8.73319625192385,7.028412243992305,10705,62.0,8.701399,7.1252913,9.09932742852959,True,8.73319625192385
156,FJI,Fiji,600,124355.71899223328,62.60240907168443,8.715713802945803,8.715713802945803,7.182705913372877,619,62.0,8.849501,7.006045,8.949351584512081,True,8.715713802945803
92,NPL,Nepal,5538,3369225.319593191,46.0771370085708,8.705330433875277,8.705330433875277,5.2929796701650345,5689,51.0,9.157,5.56951,10.0429637230727,True,8.705330433875277
186,CPV,Cabo Verde,89,30312.052778616548,37.04142470261254,8.617806730659595,8.617806730659595,4.298242680568614,107,30.0,8.436,3.5561879,8.480773916611305,True,8.617806730659595
208,AZE,Azerbaijan,3281,1368321.675965825,51.63900269766815,8.60710045089719,8.60710045089719,5.9995817397815285,3356,53.0,8.9954,5.8919,9.073904000533409,True,8.60710045089719
193,BGR,Bulgaria,4134,3039421.17036901,44.596364287857185,8.604988121400005,8.604988121400005,5.182617762940211,4355,45.0,8.64575,5.2048693,8.922393006232275,True,8.604988121400005
107,MYS,Malaysia,12416,5024055.578133067,57.719177461083106,8.566397905075181,8.566397905075181,6.737858560934608,12593,59.0,8.676225,6.800193,8.928272011677105,True,8.566397905075181
78,PAN,Panama,2594,243125.23650679056,56.21952681829545,8.497695935264185,8.497695935264185,6.61585531496752,2821,57.0,9.99,5.7057056,10.239374315555017,True,8.497695935264185
160,GNQ,Equatorial Guinea,272,96181.14398047328,60.60160152634061,8.488219231227227,8.488219231227227,7.1394953258740035,1026,54.0,7.91105,6.825896,8.010165732409197,True,8.488219231227227
161,SLV,El Salvador,769,712058.5207395554,62.160862435560546,8.45861698728551,8.45861698728551,7.348821034100144,789,63.0,8.131201,7.747933,8.566211454589645,True,8.45861698728551
4,VNM,Vietnam,12393,7941835.544805436,57.56561065264755,8.393479991429416,8.393479991429416,6.858372297477066,12732,58.0,7.80575,7.43042,8.62356583891228,True,8.393479991429416
68,RWA,Rwanda,902,1215080.8123110533,70.05801296592209,8.343052258621977,8.343052258621977,8.397168181887137,937,67.0,8.2836,8.088271,8.355301719936516,True,8.343052258621977
41,TWN,Taiwan,1258,529747.4973233938,58.917317497732405,8.205760135159784,8.205760135159784,7.179995092140865,1310,76.0,9.42535,8.063361,11.411499407029872,True,8.205760135159784
72,PRT,Portugal,3255,2077969.2982597658,45.78957009195203,8.166798868885744,8.166798868885744,5.6067953707545435,3377,48.0,8.41,5.7074914,8.784997122253493,True,8.166798868885744
110,MKD,North Macedonia,962,387874.81562304497,47.992887981779496,8.005018112305965,8.005018112305965,5.995350330063704,981,45.0,7.6734996,5.8643384,8.298881589069268,True,8.005018112305965
133,IDN,Indonesia,70006,23090744.710052103,61.10512001350479,7.9935843528962165,7.9935843528962165,7.644270369320032,71228,59.0,8.022551,7.3542695,8.519325071751847,True,7.9935843528962165
120,KGZ,Kyrgyzstan,7030,1288834.9421218582,48.25395106096077,7.99257315886893,7.99257315886893,6.037348686313362,7435,56.0,9.466475,5.915613,9.326411412020398,True,7.99257315886893
50,KOR,South Korea,3418,1667419.2708702981,50.297546826902924,7.96561600492296,7.96561600492296,6.314332349917159,3600,53.0,8.9269,5.9371114,9.061147493344125,True,7.96561600492296
191,BDI,Burundi,973,1034070.1294841766,63.41736057949332,7.806123715554425,7.806123715554425,8.124052716859758,991,62.0,7.6243997,8.131788,7.710417234506763,True,7.806123715554425
190,MMR,Myanmar,24647,9440295.730498504,56.2830431163821,7.798250768866862,7.798250768866862,7.217393334038731,25871,60.0,7.379275,8.13088,9.43698644358403,True,7.798250768866862
36,TGO,Togo,2247,1099118.883666575,34.770757442027886,7.793302377416523,7.793302377416523,4.461620473342186,2270,32.0,5.007675,6.3901906,7.221634068598984,True,7.793302377416523
119,LAO,Laos,8946,773454.3595174825,53.70391761147934,7.685400751740469,7.685400751740469,6.987783636307751,9078,57.0,7.68335,7.4186387,8.972062489663646,True,7.685400751740469
144,GRC,Greece,4584,2724264.2372828573,44.23877300311503,7.620635611788597,7.620635611788597,5.805129028171968,4774,46.0,7.683,5.9872446,7.9733323461226835,True,7.620635611788597
189,KHM,Cambodia,6901,2124265.0125894635,49.62861982315941,7.595520955112737,7.595520955112737,6.533932315696283,7041,50.0,6.45065,7.751157,6.959118489625389,True,7.595520955112737
101,MEX,Mexico,72255,15570823.100497052,47.154998990435665,7.568356195120401,7.568356195120401,6.230547000528098,76773,41.0,6.4248247,6.381497,7.126775360930384,True,7.568356195120401
32,TUR,Turkey,29054,18622252.29861685,47.499747707063044,7.5544271125826175,7.5544271125826175,6.287670395012177,30144,50.0,7.7566996,6.4460406,8.115823935629914,True,7.5544271125826175
188,CMR,Cameroon,11185,2939280.6272821417,54.031371762063266,7.547573775161924,7.547573775161924,7.158773583621459,18472,46.0,6.7725,6.7921743,7.832020856613035,True,7.547573775161924
102,MUS,Mauritius,58,62798.64220428467,59.473466444667736,7.470469600410743,7.470469600410743,7.961141618379353,61,58.0,7.183875,8.073637,7.475315357076711,True,7.470469600410743
30,UGA,Uganda,7708,5610168.256910622,58.89795835081851,7.458064049564926,7.458064049564926,7.897218092978752,8239,58.0,7.363625,7.8765554,7.697972920998098,True,7.458064049564926
154,NCL,New Caledonia,660,8592.716366052628,63.87699904082788,7.311163993713358,7.311163993713358,8.7369123570137,674,66.0,7.12945,9.257377,8.148965979556003,True,7.311163993713358
205,BGD,Bangladesh,4517,8014550.344416618,43.004046853770326,7.291343115997189,7.291343115997189,5.89795956240484,4863,43.0,5.9852495,7.1843286,7.3782400484239075,True,7.291343115997189
166,DJI,Djibouti,180,953.8257522657514,21.358060935077756,7.286796550023426,7.286796550023426,2.931063161768815,840,19.0,6.2493997,3.040292,8.76760539451948,True,7.286796550023426
3,YEM,Yemen,5105,828966.6919022233,28.724569230053493,7.211843714547771,7.211843714547771,3.9829716736803564,18129,20.0,3.852075,5.1920066,5.452960303013121,True,7.211843714547771
40,TJK,Tajikistan,3582,751493.5037260214,43.52647291196366,7.151999359126016,7.151999359126016,6.085916780239009,5155,52.0,9.53455,5.45385,9.312037192806134,True,7.151999359126016
157,ETH,Ethiopia,31254,6096421.760378445,56.87706620712761,7.069246338951768,7.069246338951768,8.04570437639628,44995,49.0,6.12955,7.9940615,6.494978761714893,True,7.069246338951768
182,HKG,Hong Kong S.A.R.,8,690.581262588501,54.677445187819515,7.0516865759798595,7.0516865759798595,7.753811034946894,21,54.0,6.5629997,8.227945,6.615562240282695,True,7.0516865759798595
5,VEN,Venezuela,26400,1580610.9779970318,51.02905847569248,7.04038510071847,7.04038510071847,7.248049324813919,35655,50.0,6.45135,7.7503157,7.227859912069623,True,7.04038510071847
37,TLS,East Timor,561,150480.5634059906,59.67439097923902,7.008039105443645,7.008039105443645,8.515133845769448,556,58.0,6.57535,8.820824,6.9068984289610516,True,7.008039105443645
141,GIN,Guinea,9004,1784150.2710484625,51.33518730730136,7.000491248689842,7.000491248689842,7.3330835628012325,9699,48.0,6.4994497,7.3852406,6.684251048916595,True,7.000491248689842
149,GAB,Gabon,2590,192496.50989217893,54.63015017710367,6.991436591170673,6.991436591170673,7.813866215434873,10251,51.0,6.9546504,7.333223,7.035693247799988,True,6.991436591170673
104,MLT,Malta,3,2105.5274047851562,40.481580077511786,6.985601543277972,6.985601543277972,5.795002739093523,6,40.5,6.9817996,5.8007965,7.002399603525798,False,6.985601543277972
117,LBN,Lebanon,357,195583.936072886,44.20232714126195,6.9394668575087834,6.9394668575087834,6.369700734780978,371,45.0,7.3412743,6.129726,7.476728451318581,True,6.9394668575087834
219,AFG,Afghanistan,20546,2845618.7173356526,36.47060875892544,6.847862926930708,6.847862926930708,5.3258380239325245,25536,31.0,6.063425,5.112622,6.124224279242525,True,6.847862926930708
56,SGP,Singapore,5,623.6017415523529,45.668903429363574,6.820054126991158,6.820054126991158,6.6962670059499345,13,55.0,6.8234005,8.060497,6.957039928436279,True,6.820054126991158
162,EGY,Egypt,3588,3834480.043416013,45.34373399558789,6.7033099792695685,6.7033099792695685,6.764379707311224,39519,18.0,4.0874248,4.403751,4.318609514203785,True,6.7033099792695685
49,ESP,Spain,19249,14090675.413904363,37.40382815389191,6.661439100963047,6.661439100963047,5.614977122358503,19664,40.0,7.0786495,5.6507955,7.884278167421603,True,6.661439100963047
109,MDG,Madagascar,21639,1915054.0914517841,53.53170043269295,6.582870054511001,6.582870054511001,8.13196979272128,23264,47.0,6.1711497,7.616085,6.177869794436379,True,6.582870054511001
159,ERI,Eritrea,2497,381232.1067655509,38.15445459550168,6.528433240025061,6.528433240025061,5.844350886761188,4890,29.0,5.5892496,5.188532,6.5817372577650675,True,6.528433240025061
116,LSO,Lesotho,1147,164994.6315013878,49.87942142490259,6.484909231635613,6.484909231635613,7.69161443024887,1193,51.0,6.8844,7.408053,7.177065460400129,True,6.484909231635613
213,ARG,Argentina,72259,29491247.629045077,51.59389499915775,6.439895032800729,6.439895032800729,8.011604961939794,109096,41.0,5.12415,8.0013275,5.371464612582744,True,6.439895032800729
76,PRY,Paraguay,14654,4751189.539458397,45.88405727917214,6.415029150485236,6.415029150485236,7.152587494587058,15911,42.0,5.5195,7.609385,5.611007065216695,True,6.415029150485236
129,ISR,Israel,446,250992.6774297161,40.227957317117536,6.39019586220676,6.39019586220676,6.2952620208460095,820,26.0,3.2779498,7.931787,4.112203999702605,True,6.39019586220676
171,CYP,Cyprus,200,16458.832306142896,38.8862351798292,6.33752245112612,6.33752245112612,6.135873360562134,213,40.0,6.7026496,5.967789,6.678358965906604,True,6.33752245112612
195,BRA,Brazil,238464,46333270.1926769,48.15969061548398,6.299217935175629,6.299217935175629,7.645344408002489,333920,44.0,5.3009,8.300477,5.626010208005524,True,6.299217935175629
177,COG,Republic of the Congo,4648,237953.04241533118,52.73588109456765,6.24896377375443,6.24896377375443,8.439140152493394,13748,48.0,6.1876497,7.757388,6.297557775582161,True,6.24896377375443
185,CAF,Central African Republic,19596,812400.7325251114,40.25333267376531,6.215972922916432,6.215972922916432,6.475789578388174,24844,41.0,5.89555,6.954398,5.983875737270024,True,6.215972922916432
132,IRN,Iran,32616,10240997.719811358,36.46875100263141,6.184099708074236,6.184099708074236,5.8971803050031975,64380,22.0,4.172225,5.272966,4.5885432336401175,True,6.184099708074236
33,TUN,Tunisia,2524,1927714.953496391,37.690504576914044,6.156405808336225,6.156405808336225,6.122160518703679,6156,19.0,3.2652001,5.8189387,3.856932164412423,True,6.156405808336225
180,CHN,China,274392,107462416.44486402,43.557493028652225,6.116925972251791,6.116925972251791,7.120814151788343,362537,46.0,6.7381,6.8268504,7.350891964449046,True,6.116925972251791
174,CIV,Ivory Coast,12199,5841159.751617921,37.56794240764471,6.062492704585846,6.062492704585846,6.196781462388766,12762,37.0,5.7415,6.444309,6.1053086200045,True,6.062492704585846
198,BOL,Bolivia,35959,2119084.498255822,47.02643800636126,5.916986355058792,5.916986355058792,7.9477009383595245,43026,44.0,5.54665,7.9327164,5.973732455002078,True,5.916986355058792
96,MAR,Morocco,8274,5911191.365625783,36.47097858714338,5.869281684986649,5.869281684986649,6.213874294095384,22830,16.0,5.1221247,3.1237037,5.176834840404558,True,5.869281684986649
8,UZB,Uzbekistan,6937,3949001.9097443195,36.299550283879064,5.857398212969289,5.857398212969289,6.197214012785677,16941,25.0,5.49435,4.550129,6.023564515749766,True,5.857398212969289
217,DZA,Algeria,7606,3053480.3038186245,37.57076146580368,5.848420465503982,5.848420465503982,6.424086928668877,92808,17.0,3.6759,4.6247177,3.8086804726451926,True,5.848420465503982
123,KEN,Kenya,19890,3962086.7570876786,42.3048076734957,5.545021389751564,5.545021389751564,7.629331737418439,23281,32.0,4.3429,7.3683486,4.9859256004155075,True,5.545021389751564
140,GNB,Guinea-Bissau,1105,341314.9096713066,39.25160206493119,5.524785976043019,5.524785976043019,7.10463757965229,1144,38.0,5.432825,6.994519,5.427637521110287,True,5.524785976043019
42,SYR,Syria,3432,3833911.83328962,31.92970399823577,5.47861250605344,5.47861250605344,5.828063941911558,7330,21.0,3.46955,6.052658,4.0005455880471,True,5.47861250605344
176,COD,Democratic Republic of the Congo,43083,6134136.809889917,44.90828936404368,5.34822957028757,5.34822957028757,8.39685147652123,91838,43.0,5.23075,8.220618,5.553206642575485,True,5.34822957028757
114,LBY,Libya,3561,594988.1652703538,31.10287307946355,5.320804082347216,5.320804082347216,5.845521202829714,64971,18.0,3.5823002,5.0247045,3.7317431029929495,True,5.320804082347216
31,TKM,Turkmenistan,6127,1490944.7816235146,30.609486860294094,5.306456260295281,5.306456260295281,5.768348095003578,18449,25.0,4.9256496,5.075473,5.369674015703249,True,5.306456260295281
45,SWZ,eSwatini,663,171730.11610126495,48.900433659044545,5.248397085394351,5.248397085394351,9.317213020167337,681,49.0,5.20045,9.422261,5.262560794898239,True,5.248397085394351
134,IND,India,117387,138480835.5761258,35.716551648029544,5.216460043479594,5.216460043479594,6.846894512816997,121651,36.0,4.9881997,7.2170324,6.215152677637999,True,5.216460043479594
38,THA,Thailand,19543,14772485.944981072,45.33379513273772,5.1135015487911515,5.1135015487911515,8.865509221064924,20017,47.0,5.438025,8.642843,5.971804411329743,True,5.1135015487911515
51,ZAF,South Africa,40667,6499374.478504125,36.322879562211085,4.515909441324311,4.515909441324311,8.043314427394549,48348,29.0,3.661675,7.9198728,3.9795556067973727,True,4.515909441324311
184,TCD,Chad,20647,1927999.8987366415,25.73492249026199,4.511480309089065,4.511480309089065,5.704318921311717,50771,22.0,3.6257,6.067794,3.7611001962534263,True,4.511480309089065
200,BEN,Benin,4540,1409050.0241246559,31.370745829880086,4.455186503936873,4.455186503936873,7.041399008135572,4640,28.0,3.8249,7.320453,4.125670471765511,True,4.455186503936873
108,MWI,Malawi,3684,1518706.7858798984,36.58797509425345,4.445323555915984,4.445323555915984,8.230666369731617,3857,33.0,4.1345005,7.981617,4.303604216144874,True,4.445323555915984
39,TZA,United Republic of Tanzania,31534,4986514.195644183,40.23047909726388,4.420992528917475,4.420992528917475,9.099874933992417,35246,35.0,3.9537497,8.852356,4.206085923497327,True,4.420992528917475
125,JOR,Jordan,940,113118.05429750402,30.862088749183794,4.332540307112823,4.332540307112823,7.1233240919921395,3509,18.0,2.1977,8.190381,2.6223394592591687,True,4.332540307112823
95,MOZ,Mozambique,27324,3312610.7852745354,36.25870846710393,4.272785403577114,4.272785403577114,8.485965252724526,30952,33.0,4.084925,8.078484,4.2178353774641355,True,4.272785403577114
52,SOM,Somalia,8662,494839.5159144376,34.15861551532142,4.231972701963488,4.231972701963488,8.071558566404034,18945,33.0,4.2760496,7.7174034,4.830807649966108,True,4.231972701963488
84,NGA,Nigeria,34761,34718425.986402646,30.145847323566993,4.185050908552492,4.185050908552492,7.203221175150223,35826,27.0,3.3724248,8.006108,4.018903647092079,True,4.185050908552492
131,IRQ,Iraq,7640,2220440.477023957,28.813925186580814,4.120521461946601,4.120521461946601,6.992786095808526,17188,21.0,2.6913,7.802921,3.706480352131861,True,4.120521461946601
210,AUS,Australia,120861,17833789.894767363,35.13390630150887,4.099865020651884,4.099865020651884,8.56952756359831,303926,26.0,2.1977,11.83055,2.8598110708158213,True,4.099865020651884
80,PAK,Pakistan,25577,13089482.790999092,24.77016807232156,4.082065441260263,4.082065441260263,6.06804776375026,33868,20.0,3.2573998,6.1398664,4.156017897313957,True,4.082065441260263
148,GMB,Gambia,344,186659.9884338379,26.85968745711248,3.967789592522982,3.967789592522982,6.76943341646131,369,26.0,3.4981499,7.4325004,3.8808857157610466,True,3.967789592522982
61,SAU,Saudi Arabia,8708,1117735.5061643533,21.088308169382064,3.7558468047793756,3.7558468047793756,5.614794549806145,76861,15.0,2.9823,5.029675,3.0881041414756996,True,3.7558468047793756
47,SDN,Sudan,28218,8220659.2725403,25.0211774408471,3.712341033941667,3.712341033941667,6.739999696170226,74510,19.0,3.3381,5.6918607,3.5858821530163913,True,3.712341033941667
2,ZMB,Zambia,27691,1121374.7108858451,35.20136179692804,3.659796464556352,3.659796464556352,9.618393300785709,29673,35.0,3.5144,9.959025,3.708902217690934,True,3.659796464556352
1,ZWE,Zimbabwe,14424,2173862.2755815694,32.21110132964067,3.6512888763969444,3.6512888763969444,8.821844126840565,15420,32.0,3.357375,9.531256,3.477144172278278,True,3.6512888763969444
206,BHR,Bahrain,8,228.2363563720137,16.94402836055668,3.6423440840326533,3.6423440840326533,4.65195708303235,12,12.5,3.2156496,3.8872395,3.24197769165039,True,3.6423440840326533
81,OMN,Oman,2040,56258.52659984047,18.41732034967726,3.3830375803702477,3.3830375803702477,5.4440188476007485,12412,17.0,2.954325,5.754276,3.337558056935584,True,3.3830375803702477
215,AGO,Angola,44559,2373663.390248458,31.178689535889422,3.1968293764437172,3.1968293764437172,9.753003949986804,49751,29.0,2.91055,9.963752,3.114350518478544,True,3.1968293764437172
60,SEN,Senegal,7340,1551705.3328437535,22.628292432572096,3.045167293576875,3.045167293576875,7.430886467322044,7692,22.0,2.620275,8.396065,2.8828315330740018,True,3.045167293576875
28,ARE,United Arab Emirates,1127,175422.16923620913,15.631062430172546,2.77101540704464,2.77101540704464,5.640915019972221,2672,14.0,2.284,6.129597,2.399858047330547,True,2.77101540704464
94,NAM,Namibia,17540,191489.43304694086,21.818465291452707,2.7131150221401863,2.7131150221401863,8.041850460966321,32776,18.0,2.6806498,6.71479,2.988533494743787,True,2.7131150221401863
105,MLI,Mali,19987,2289108.864165729,24.296615378069852,2.6994161573387796,2.6994161573387796,9.000692728320438,50240,20.0,2.35095,8.507199,2.7787238373253125,True,2.6994161573387796
192,BFA,Burkina Faso,10715,3272074.1929124957,25.87812356345835,2.6719333075903102,2.6719333075903102,9.685168222554402,10911,28.0,2.7505,10.179968,2.8453634616522367,True,2.6719333075903102
196,BWA,Botswana,16857,164866.42453143795,20.94206458745633,2.648024892814998,2.648024892814998,7.908560317646315,23065,19.0,2.6255999,7.2364416,2.7470217862508424,True,2.648024892814998
121,KWT,Kuwait,118,5413.774540803337,17.385959597308698,2.6307625359864253,2.6307625359864253,6.608714910405129,671,16.0,2.1893501,7.3081045,2.305240262474487,True,2.6307625359864253
71,QAT,Qatar,227,5678.257112457537,13.383246153587244,2.217695176637695,2.217695176637695,6.034754593224994,406,12.0,1.97385,6.079489,2.1483140403462437,True,2.217695176637695
85,NER,Niger,12731,10255489.360063778,22.31855117609984,2.039975638318538,2.039975638318538,10.940596915410245,47483,19.0,2.5310998,7.5066185,2.7860904309886916,True,2.039975638318538
103,MRT,Mauritania,6392,184937.96006673021,19.78347405465087,1.8403869313567476,1.8403869313567476,10.749627547108444,41552,17.0,2.1855001,7.7785397,3.0540688792691273,True,1.8403869313567476
6,VAT,Vatican,0,0.0,,,,,0,,,,,False,
10,FSM,Federated States of Micronesia,0,0.0,,,,,12,87.0,11.7387,7.411383,11.228012243906656,False,
11,MHL,Marshall Islands,0,0.0,,,,,0,,,,,False,
15,ASM,American Samoa,0,0.0,,,,,1,77.0,11.149876,6.9059067,11.14987564086914,False,
18,SHN,Saint Helena,0,0.0,,,,,2,22.0,9.701849,2.267609,9.701849460601808,False,
19,PCN,Pitcairn Islands,0,0.0,,,,,1,69.0,,,,False,
20,AIA,Anguilla,0,0.0,,,,,1,70.0,25.951897,2.697298,25.95189666748047,False,
21,FLK,Falkland Islands,0,0.0,,,,,346,78.0,10.865749,7.17852,11.421112713513072,False,
23,BMU,Bermuda,0,0.0,,,,,0,,,,,False,
24,VGB,British Virgin Islands,0,0.0,,,,,2,69.5,,,,False,
25,TCA,Turks and Caicos Islands,0,0.0,,,,,6,64.0,23.458199,2.7282572,23.105970001220705,False,
35,TON,Tonga,0,0.0,,,,,9,62.0,15.761749,3.9335735,15.9653058052063,False,
64,WSM,Samoa,0,0.0,,,,,102,70.0,11.8356,5.91436,11.850904903026542,False,
79,PLW,Palau,0,0.0,,,,,6,59.5,9.626301,6.1809826,9.213466882705688,False,
88,NIU,Niue,0,0.0,,,,,7,59.0,15.229725,3.874003,15.44327461719513,False,
89,COK,Cook Islands,0,0.0,,,,,1,67.0,,,,False,
91,ABW,Aruba,0,0.0,,,,,5,36.0,7.4701996,4.8191485,8.180132865905762,False,
93,NRU,Nauru,0,0.0,,,,,0,,,,,False,
106,MDV,Maldives,0,0.0,,,,,0,,,,,False,
122,KIR,Kiribati,0,0.0,,,,,7,64.0,16.671349,3.8389215,16.55071210861206,False,
135,ISL,Iceland,0,0.0,,,,,3301,105.0,12.501801,8.39879,15.42508888517975,False,
151,SPM,Saint Pierre and Miquelon,0,0.0,,,,,5,69.0,10.4535,6.6006603,10.695409774780272,False,
152,WLF,Wallis and Futuna,0,0.0,,,,,1,68.0,,,,False,
153,PYF,French Polynesia,0,0.0,,,,,52,67.5,12.197299,5.534012,12.362085169011896,False,
167,GRL,Greenland,0,0.0,,,,,14761,91.0,16.893675,5.3866315,17.164041439069678,False,
181,MAC,Macao S.A.R,0,0.0,,,,,0,,,,,False,
211,NFK,Norfolk Island,0,0.0,,,,,0,,,,,False,
220,TUV,Tuvalu,0,0.0,,,,,0,,,,,False,
