iso3,fao_area_code,fao_name,region,cropland_ha,n_use_t,n_prod_t,n_imp_t,n_exp_t,apparent_consumption_t,net_imports_t,n_intensity_raw,n_intensity_scaled,import_reliance,exposure_combined,exposure_class,reexport_flag,data_missing_n_use,data_missing_trade,data_missing_cropland
KAZ,108,Kazakhstan,Central Asia,29691833.333333332,69982.66666666667,145692.20666666667,143991.15666666665,89790.39,199892.97333333327,54200.76666666665,2.3569668427345345,0.007856556142448448,0.27114893416630353,0.139502745154376,low,False,False,False,False
KGZ,113,Kyrgyzstan,Central Asia,1364366.6666666667,25219.0,0.0,56189.81666666667,4011.75,52178.06666666667,52178.06666666667,18.48403410617869,0.06161344702059563,1.0,0.5308067235102978,moderate,False,False,False,False
TJK,208,Tajikistan,Central Asia,1040266.6666666666,49738.666666666664,0.0,43495.03666666667,86.48,43408.556666666664,43408.556666666664,47.813381184311716,0.15937793728103905,1.0,0.5796889686405196,moderate,False,False,False,False
TKM,213,Turkmenistan,Central Asia,1653806.0666666667,420442.3333333333,622627.6666666666,24526.069999999996,286158.48333333334,360995.25333333324,0.0,254.2271078862088,0.8474236929540294,0.0,0.4237118464770147,moderate,False,False,False,False
UZB,235,Uzbekistan,Central Asia,4431100.0,767816.0,868487.0,42792.27,142691.18999999997,768588.0800000001,0.0,173.2788698065943,0.5775962326886476,0.0,0.2887981163443238,low,False,False,False,False
BRN,26,Brunei Darussalam,East & Southeast Asia,10000.0,243.0,0.0,2277.3,102.25333333333333,2175.046666666667,2175.046666666667,24.3,0.081,1.0,0.5405,moderate,False,False,False,False
CHN,41,China; mainland,East & Southeast Asia,128081333.33333333,26873688.0,32332143.61,296783.0133333333,5752740.936666667,26876185.686666664,0.0,209.8173660486566,0.6993912201621887,0.0,0.34969561008109434,moderate,False,False,False,False
HKG,96,China; Hong Kong SAR,East & Southeast Asia,3666.6666666666665,733.6666666666666,0.0,10855.613333333333,394.41,10461.203333333333,10461.203333333333,200.0909090909091,0.666969696969697,1.0,0.8334848484848485,high,False,False,False,False
IDN,101,Indonesia,East & Southeast Asia,42901789.6,3235452.0,4150938.22,443776.58,880530.0966666667,3714184.703333333,0.0,75.41531554198848,0.2513843851399616,0.0,0.1256921925699808,low,False,False,False,False
JPN,110,Japan,East & Southeast Asia,4396333.333333333,360566.6666666667,531925.8233333334,297876.9666666667,99591.40333333334,730211.3866666667,198285.56333333335,82.01531579346427,0.27338438597821424,0.2715454277404311,0.2724649068593227,low,False,False,False,False
KHM,115,Cambodia,East & Southeast Asia,4454948.100000001,116694.33333333333,0.0,116695.04333333333,0.75,116694.29333333333,116694.29333333333,26.194319375647343,0.08731439791882448,1.0,0.5436571989594122,moderate,False,False,False,False
KOR,117,Republic of Korea,East & Southeast Asia,1580666.6666666667,219023.0,391667.3333333333,421044.72,279236.0966666667,533475.9566666665,141808.6233333333,138.5636862083509,0.46187895402783635,0.2658200834755521,0.36384951875169425,moderate,False,False,False,False
LAO,120,Lao People's Democratic Republic,East & Southeast Asia,1586533.3333333333,37003.333333333336,0.0,37002.24,1242.09,35760.15,35760.15,23.323388520043704,0.07774462840014568,1.0,0.5388723142000729,moderate,False,False,False,False
MAC,128,China; Macao SAR,East & Southeast Asia,,,0.0,0.0,0.0,0.0,0.0,,,,,data_missing,False,True,True,True
MMR,28,Myanmar,East & Southeast Asia,12530233.333333334,365729.3333333333,57181.9,305674.2733333334,0.18000000000000002,362855.9933333334,305674.0933333334,29.187751225702097,0.09729250408567366,0.842411587377391,0.46985204573153233,moderate,False,False,False,False
MNG,141,Mongolia,East & Southeast Asia,1192366.6666666667,27887.666666666668,0.0,43279.61666666667,0.0,43279.61666666667,43279.61666666667,23.38849906348718,0.07796166354495727,1.0,0.5389808317724787,moderate,False,False,False,False
MYS,131,Malaysia,East & Southeast Asia,8285309.999999999,332756.3333333333,819066.6666666666,461721.49333333335,948373.02,332415.1399999999,0.0,40.16220676514619,0.1338740225504873,0.0,0.06693701127524365,low,True,False,False,False
PHL,171,Philippines,East & Southeast Asia,11136000.0,703232.6666666666,61662.80000000001,694742.8633333333,8603.550000000001,747802.1133333333,686139.3133333332,63.1494851532567,0.210498283844189,0.9175412867915849,0.564019785317887,moderate,False,False,False,False
PRK,116,Democratic People's Republic of Korea,East & Southeast Asia,2546500.0,92522.0,29166.666666666668,55884.43666666667,45.080000000000005,85006.02333333333,55839.35666666667,36.33300608678579,0.12111002028928596,0.6568870590229156,0.38899853965610076,moderate,False,False,False,False
SGP,200,Singapore,East & Southeast Asia,660.0,44.0,0.0,8449.596666666666,12046.07,-3596.4733333333334,0.0,66.66666666666667,0.22222222222222224,,,data_missing,True,False,False,False
THA,216,Thailand,East & Southeast Asia,22188374.400000002,1378214.0,130466.66666666667,1471514.18,159830.34333333335,1442150.5033333334,1311683.8366666667,62.11423942801325,0.20704746476004415,0.909533251650843,0.5582903582054436,moderate,False,False,False,False
TLS,176,Timor-Leste,East & Southeast Asia,191633.33333333334,,0.0,0.0,0.0,0.0,0.0,,,,,data_missing,False,True,True,False
TWN,214,China; Taiwan Province of,East & Southeast Asia,790333.3333333334,140502.33333333334,108204.56333333334,109043.69,78040.53666666667,139207.71666666667,31003.153333333335,177.7760438633488,0.5925868128778293,0.22271145648894225,0.4076491346833858,moderate,False,False,False,False
VNM,237,Viet Nam,East & Southeast Asia,11654166.666666666,1572827.0,1065762.3733333333,545622.4733333333,205071.50333333333,1406313.3433333333,340550.97,134.95834107972829,0.44986113693242763,0.24215867083562218,0.3460099038840249,moderate,False,False,False,False
ALB,3,Albania,Europe,693185.0,31892.666666666668,0.0,34555.57,277.4766666666667,34278.09333333333,34278.09333333333,46.008881707865385,0.15336293902621795,1.0,0.576681469513109,moderate,False,False,False,False
AND,6,Andorra,Europe,803.8000000000001,,0.0,0.0,0.0,0.0,0.0,,,,,data_missing,False,True,True,False
AUT,11,Austria,Europe,1393035.1333333335,109015.33333333333,0.0,174894.87,6848.826666666667,168046.04333333333,168046.04333333333,78.25741844175549,0.2608580614725183,1.0,0.6304290307362591,moderate,False,False,False,False
BEL,255,Belgium,Europe,881149.6,151867.33333333334,796880.9433333334,581849.0633333334,1226363.91,152366.0966666669,0.0,172.3513616000431,0.5745045386668104,0.0,0.2872522693334052,low,True,False,False,False
BGR,27,Bulgaria,Europe,3634666.6666666665,352050.0,654516.3333333334,260016.68000000002,216711.09333333335,697821.92,43305.58666666667,96.85895084372707,0.3228631694790902,0.06205822062262915,0.1924606950508597,low,False,False,False,False
BIH,80,Bosnia and Herzegovina,Europe,1124000.0,57686.666666666664,21310.059999999998,30091.626666666667,2923.796666666667,48477.88999999999,27167.83,51.3226571767497,0.171075523922499,0.5604169240864239,0.36574622400446144,moderate,False,False,False,False
BLR,57,Belarus,Europe,5801000.0,424659.0,939031.6666666666,63146.23,512704.49666666664,489473.39999999997,0.0,73.20444750905017,0.24401482503016722,0.0,0.12200741251508361,low,False,False,False,False
CHE,211,Switzerland,Europe,424069.93333333335,41942.333333333336,0.0,77487.73,1482.756666666667,76004.97333333333,76004.97333333333,98.90428449772986,0.3296809483257662,1.0,0.664840474162883,high,False,False,False,False
CZE,167,Czechia,Europe,2533027.6666666665,323082.6666666667,113140.36666666665,357088.45333333337,147146.15,323082.67000000004,209942.30333333337,127.54802125466982,0.4251600708488994,0.6498098561997564,0.537484963524328,moderate,False,False,False,False
DEU,79,Germany,Europe,11901666.666666666,1326615.0,1467746.1966666665,988253.8266666667,1129368.09,1326631.9333333333,0.0,111.46464080660972,0.37154880268869905,0.0,0.18577440134434953,low,False,False,False,False
DNK,54,Denmark,Europe,2412220.0,227700.66666666666,0.0,240639.63999999998,38445.816666666666,202193.8233333333,202193.8233333333,94.39465167632582,0.3146488389210861,1.0,0.657324419460543,moderate,False,False,False,False
ESP,203,Spain,Europe,16725521.866666667,1034681.3333333334,742314.6666666666,850464.86,327025.9066666667,1265753.6199999999,523438.9533333333,61.86242447809142,0.20620808159363807,0.41353936900716376,0.3098737253004009,low,False,False,False,False
EST,63,Estonia,Europe,695333.3333333334,40597.0,263.98,201665.56333333332,134751.04,67178.50333333333,66914.52333333332,58.3849472674976,0.19461649089165867,0.9960704691694281,0.5953434800305434,moderate,True,False,False,False
FIN,67,Finland,Europe,2248666.6666666665,141499.66666666666,265366.5533333333,67898.20666666667,25842.553333333333,307422.2066666666,42055.653333333335,62.9260302401423,0.20975343413380768,0.13680096109300804,0.17327719761340787,low,False,False,False,False
FRA,68,France,Europe,18708959.7,2094902.0,302737.1866666667,1940651.8466666667,317282.55333333334,1926106.48,1623369.2933333335,111.97319538830372,0.37324398462767905,0.8428242727958287,0.6080341287117539,moderate,False,False,False,False
FRO,64,Faroe Islands,Europe,67.33333333333333,270.6666666666667,0.0,1463.2333333333333,0.0,1463.2333333333333,1463.2333333333333,4019.8019801980204,1.0,1.0,1.0,high,False,False,False,False
GBR,229,United Kingdom of Great Britain and Northern Ireland,Europe,6079697.133333333,1012666.6666666666,296500.0,1019617.8933333334,111003.35666666667,1205114.5366666669,908614.5366666667,166.5653147612386,0.5552177158707953,0.7539652946016934,0.6545915052362443,moderate,False,False,False,False
GIB,82,Gibraltar,Europe,,,0.0,0.0,0.0,0.0,0.0,,,,,data_missing,False,True,True,True
GRC,84,Greece,Europe,3084713.6333333333,190709.66666666666,65790.54,194773.36,105695.04333333333,154868.85666666663,89078.31666666665,61.824107303142526,0.20608035767714175,0.5751854735932813,0.3906329156352115,moderate,False,False,False,False
HRV,98,Croatia,Europe,913666.6666666666,98494.0,355142.23,45528.556666666664,273615.62666666665,127055.15999999997,0.0,107.80080262677855,0.35933600875592847,0.0,0.17966800437796424,low,False,False,False,False
HUN,97,Hungary,Europe,4389711.899999999,428443.3333333333,497095.4266666667,354451.41,159179.03333333333,692367.8033333333,195272.37666666665,97.6016975814138,0.325338991938046,0.28203561131316035,0.3036873016256032,low,False,False,False,False
IRL,104,Ireland,Europe,447000.0,385126.0,0.0,373330.1566666667,6111.836666666667,367218.32,367218.32,861.579418344519,1.0,1.0,1.0,high,False,False,False,False
ISL,99,Iceland,Europe,121000.0,11177.333333333334,0.0,9431.443333333335,0.0,9431.443333333335,9431.443333333335,92.37465564738292,0.30791551882460977,1.0,0.6539577594123049,moderate,False,False,False,False
ITA,106,Italy,Europe,9291213.333333334,589280.3333333334,529833.0666666667,595306.7033333333,152096.27000000002,973043.5,443210.43333333323,63.423399312038185,0.2114113310401273,0.4554888176462134,0.33345007434317037,moderate,False,False,False,False
LIE,125,Liechtenstein,Europe,1733.3333333333333,,0.0,0.0,0.0,0.0,0.0,,,,,data_missing,False,True,True,False
LTU,126,Lithuania,Europe,2227600.0,174605.0,829485.7600000001,294515.6666666667,926963.6533333333,197037.77333333343,0.0,78.38256419464895,0.2612752139821632,0.0,0.1306376069910816,low,True,False,False,False
LUX,256,Luxembourg,Europe,63625.333333333336,12248.333333333334,0.0,30408.846666666668,9621.956666666667,20786.89,20786.89,192.50717743456485,0.6416905914485495,1.0,0.8208452957242747,high,False,False,False,False
LVA,119,Latvia,Europe,1324666.6666666667,79868.0,0.0,162110.53,41076.15,121034.38,121034.38,60.29290387518872,0.20097634625062907,1.0,0.6004881731253146,moderate,False,False,False,False
MCO,140,Monaco,Europe,,,0.0,0.0,0.0,0.0,0.0,,,,,data_missing,False,True,True,True
MDA,146,Republic of Moldova,Europe,1989233.3333333333,55382.333333333336,0.0,72308.65000000001,9.736666666666666,72298.91333333334,72298.91333333334,27.841044288419326,0.09280348096139775,1.0,0.5464017404806989,moderate,False,False,False,False
MKD,154,North Macedonia,Europe,458666.6666666667,19656.333333333332,0.0,20160.096666666668,503.8166666666666,19656.280000000002,19656.280000000002,42.85537790697674,0.14285125968992246,1.0,0.5714256298449613,moderate,False,False,False,False
MLT,134,Malta,Europe,9956.666666666666,586.0,0.0,1131.7533333333333,0.0033333333333333335,1131.75,1131.75,58.855038500167396,0.19618346166722464,1.0,0.5980917308336123,moderate,False,False,False,False
MNE,273,Montenegro,Europe,14750.0,1386.3333333333333,0.0,1386.8566666666666,0.18000000000000002,1386.6766666666665,1386.6766666666665,93.98870056497175,0.3132956685499058,1.0,0.6566478342749529,moderate,False,False,False,False
NLD,150,Netherlands (Kingdom of the),Europe,1049946.6666666667,209903.66666666666,1601433.3333333333,406303.27,2020024.8433333335,-12288.240000000224,0.0,199.91840855408526,0.6663946951802842,,,data_missing,True,False,False,False
NOR,162,Norway,Europe,806364.0,105002.0,588182.38,49206.54666666667,696513.11,-59124.18333333335,0.0,130.21662673432843,0.4340554224477614,,,data_missing,True,False,False,False
POL,173,Poland,Europe,11429000.0,979866.6666666666,2042787.3333333333,655496.5633333334,855741.7233333333,1842542.1733333333,0.0,85.73511826639835,0.28578372755466114,0.0,0.14289186377733057,low,False,False,False,False
PRT,174,Portugal,Europe,1814957.9000000001,103976.66666666667,70024.68,141539.53333333333,81499.32333333335,130064.88999999997,60040.20999999998,57.28874849750876,0.19096249499169587,0.46161735115448904,0.32628992307309246,low,False,False,False,False
ROU,183,Romania,Europe,9130000.0,464498.0,819231.2766666667,473642.02,178037.36000000002,1114835.9366666668,295604.66000000003,50.87601314348302,0.16958671047827673,0.2651553024778256,0.21737100647805116,low,False,False,False,False
RUS,185,Russian Federation,Europe,123442000.0,1728629.6666666667,10841400.0,34111.79666666667,7096430.696666666,3779081.1000000006,0.0,14.00357792863585,0.04667859309545284,0.0,0.02333929654772642,low,False,False,False,False
SJM,260,Svalbard and Jan Mayen Islands,Europe,,,0.0,0.0,0.0,0.0,0.0,,,,,data_missing,False,True,True,True
SMR,192,San Marino,Europe,2300.0,,0.0,0.0,0.0,0.0,0.0,,,,,data_missing,False,True,True,False
SRB,272,Serbia,Europe,2794666.6666666665,163770.66666666666,79439.41666666667,206168.5266666667,70690.98333333334,214916.96000000002,135477.54333333336,58.601145038167935,0.19533715012722644,0.6303715785544954,0.4128543643408609,moderate,False,False,False,False
SVK,199,Slovakia,Europe,1365333.3333333333,128395.66666666667,336955.72000000003,155782.6,366269.4533333333,126468.86666666676,0.0,94.03979492187501,0.31346598307291673,0.0,0.15673299153645837,low,True,False,False,False
SVN,198,Slovenia,Europe,234720.0,27777.333333333332,0.0,53465.676666666666,12269.12,41196.556666666664,41196.556666666664,118.342422176778,0.39447474058926,1.0,0.69723737029463,high,False,False,False,False
SWE,210,Sweden,Europe,2543746.6666666665,194007.33333333334,0.0,248789.28000000003,76242.62666666666,172546.65333333338,172546.65333333338,76.26833909037065,0.25422779696790215,1.0,0.627113898483951,moderate,False,False,False,False
UKR,230,Ukraine,Europe,33768666.666666664,1529514.0,983471.5,665849.6566666667,434010.89999999997,1215310.2566666668,231838.75666666677,45.293881902355245,0.15097960634118415,0.1907650786249022,0.17087234248304317,low,False,False,False,False
VAT,94,Holy See,Europe,,,0.0,0.0,0.0,0.0,0.0,,,,,data_missing,False,True,True,True
ABW,22,Aruba,Latin America & Caribbean,2000.0,1.6666666666666667,0.0,1.5833333333333333,0.006666666666666667,1.5766666666666667,1.5766666666666667,0.8333333333333334,0.002777777777777778,1.0,0.5013888888888889,moderate,False,False,False,False
AIA,258,Anguilla,Latin America & Caribbean,,,0.0,0.0,0.0,0.0,0.0,,,,,data_missing,False,True,True,True
ARG,9,Argentina,Latin America & Caribbean,42055000.0,1279800.0,502097.62999999995,892050.0433333333,308.95666666666665,1393838.7166666666,891741.0866666667,30.43157769587445,0.1014385923195815,0.6397735089460315,0.3706060506328065,moderate,False,False,False,False
ATG,8,Antigua and Barbuda,Latin America & Caribbean,5000.0,12.666666666666666,0.0,12.776666666666666,0.0,12.776666666666666,12.776666666666666,2.533333333333333,0.008444444444444444,1.0,0.5042222222222222,moderate,False,False,False,False
BHS,12,Bahamas,Latin America & Caribbean,11000.0,1024.6666666666667,0.0,1015.8666666666667,738.5633333333334,277.3033333333333,277.3033333333333,93.15151515151516,0.3105050505050505,1.0,0.6552525252525252,moderate,True,False,False,False
BLZ,23,Belize,Latin America & Caribbean,125333.33333333333,16439.333333333332,0.0,14630.470000000001,3.94,14626.53,14626.53,131.16489361702128,0.4372163120567376,1.0,0.7186081560283688,high,False,False,False,False
BOL,19,Bolivia (Plurinational State of),Latin America & Caribbean,5410978.433333334,18526.666666666668,74445.36,18825.536666666667,86857.12999999999,6413.766666666677,0.0,3.4239032542684993,0.011413010847561664,0.0,0.005706505423780832,low,True,False,False,False
BRA,21,Brazil,Latin America & Caribbean,63470000.0,5138850.0,410806.32666666666,5011885.993333333,57425.48333333333,5365266.836666667,4954460.51,80.9650228454388,0.269883409484796,0.9234322655009097,0.5966578374928528,moderate,False,False,False,False
BRB,14,Barbados,Latin America & Caribbean,8000.0,184.33333333333334,0.0,185.64333333333332,1.2833333333333332,184.35999999999999,184.35999999999999,23.041666666666668,0.07680555555555556,1.0,0.5384027777777778,moderate,False,False,False,False
CHL,40,Chile,Latin America & Caribbean,1944154.7,245406.66666666666,41801.85333333333,325212.82,137939.88333333333,229074.79,187272.93666666668,126.22795226463545,0.42075984088211815,0.8175187530092974,0.6191392969457078,moderate,False,False,False,False
COL,44,Colombia,Latin America & Caribbean,4590222.233333333,493468.0,91666.66666666667,432407.9266666667,30606.45,493468.14333333337,401801.4766666667,107.50416317896939,0.35834721059656466,0.8142399506329496,0.5862935806147571,moderate,False,False,False,False
CRI,48,Costa Rica,Latin America & Caribbean,538753.9666666667,94739.0,0.0,99284.69,4545.58,94739.11,94739.11,175.84835724952745,0.5861611908317582,1.0,0.793080595415879,high,False,False,False,False
CUB,49,Cuba,Latin America & Caribbean,3561600.0,40019.0,7500.0,22614.683333333334,46.27,30068.413333333334,22568.413333333334,11.23624213836478,0.03745414046121593,0.7505688139624704,0.3940114772118432,moderate,False,False,False,False
CYM,36,Cayman Islands,Latin America & Caribbean,700.0,,0.0,0.0,0.0,0.0,0.0,,,,,data_missing,False,True,True,False
DMA,55,Dominica,Latin America & Caribbean,23000.0,136.0,0.0,124.82666666666667,0.006666666666666667,124.82000000000001,124.82000000000001,5.913043478260869,0.01971014492753623,1.0,0.5098550724637682,moderate,False,False,False,False
DOM,56,Dominican Republic,Latin America & Caribbean,1421482.6333333335,123424.66666666667,0.0,78623.39666666667,4519.53,74103.86666666667,74103.86666666667,86.82812140816634,0.28942707136055446,1.0,0.6447135356802772,moderate,False,False,False,False
ECU,58,Ecuador,Latin America & Caribbean,2421333.3333333335,212116.33333333334,0.0,211332.34,269.93333333333334,211062.40666666668,211062.40666666668,87.60311123348018,0.29201037077826725,1.0,0.6460051853891337,moderate,False,False,False,False
FLK,65,Falkland Islands (Malvinas),Latin America & Caribbean,,,0.0,0.0,0.0,0.0,0.0,,,,,data_missing,False,True,True,True
GLP,87,Guadeloupe,Latin America & Caribbean,24188.0,0.0,0.0,0.0,0.0,0.0,0.0,0.0,0.0,,,data_missing,False,False,False,False
GRD,86,Grenada,Latin America & Caribbean,7000.0,195.66666666666666,0.0,14.64,15.840000000000002,-1.200000000000001,0.0,27.952380952380953,0.09317460317460317,,,data_missing,True,False,False,False
GTM,89,Guatemala,Latin America & Caribbean,2720666.6666666665,190313.33333333334,0.0,198626.74666666667,8313.313333333334,190313.43333333335,190313.43333333335,69.9509924038226,0.23316997467940864,1.0,0.6165849873397043,moderate,False,False,False,False
GUF,69,French Guiana,Latin America & Caribbean,18008.0,995.3333333333334,0.0,0.0,0.0,0.0,0.0,55.271731082481864,0.1842391036082729,,,data_missing,False,False,False,False
GUY,91,Guyana,Latin America & Caribbean,125000.0,19542.0,0.0,20157.923333333336,758.65,19399.273333333334,19399.273333333334,156.336,0.52112,1.0,0.76056,high,False,False,False,False
HND,95,Honduras,Latin America & Caribbean,1594000.0,112302.0,0.0,124924.26000000001,12622.276666666667,112301.98333333334,112301.98333333334,70.45294855708909,0.23484316185696363,1.0,0.6174215809284818,moderate,False,False,False,False
HTI,93,Haiti,Latin America & Caribbean,1368333.3333333333,12007.0,0.0,12006.933333333334,0.0033333333333333335,12006.93,12006.93,8.774908647990257,0.029249695493300858,1.0,0.5146248477466504,moderate,False,False,False,False
JAM,109,Jamaica,Latin America & Caribbean,188000.0,4953.333333333333,0.0,8230.983333333334,493.28000000000003,7737.703333333334,7737.703333333334,26.347517730496453,0.08782505910165485,1.0,0.5439125295508275,moderate,False,False,False,False
KNA,188,Saint Kitts and Nevis,Latin America & Caribbean,5100.0,13.0,0.0,12.69,0.05000000000000001,12.639999999999999,12.639999999999999,2.549019607843137,0.00849673202614379,1.0,0.5042483660130719,moderate,False,False,False,False
LCA,189,Saint Lucia,Latin America & Caribbean,9570.0,259.0,0.0,259.5233333333333,0.5833333333333334,258.94,258.94,27.063740856844305,0.09021246952281435,1.0,0.5451062347614072,moderate,False,False,False,False
MEX,138,Mexico,Latin America & Caribbean,23545826.2,1351158.0,483800.0,1016490.0499999999,43698.306666666664,1456591.7433333332,972791.7433333333,57.38418301923931,0.19128061006413102,0.6678547697291973,0.42956768989666416,moderate,False,False,False,False
MSR,142,Montserrat,Latin America & Caribbean,2000.0,,0.0,0.0,0.0,0.0,0.0,,,,,data_missing,False,True,True,False
MTQ,135,Martinique,Latin America & Caribbean,15711.0,438.6666666666667,0.0,0.0,0.0,0.0,0.0,27.9209895402372,0.09306996513412401,,,data_missing,False,False,False,False
NIC,157,Nicaragua,Latin America & Caribbean,1799000.0,56478.0,0.0,56553.65333333333,75.83666666666666,56477.81666666666,56477.81666666666,31.394107837687603,0.10464702612562535,1.0,0.5523235130628127,moderate,False,False,False,False
PAN,166,Panama,Latin America & Caribbean,674366.6666666666,22023.0,0.0,35667.21666666667,290.08,35377.136666666665,35377.136666666665,32.65730809154268,0.10885769363847561,1.0,0.5544288468192378,moderate,False,False,False,False
PER,170,Peru,Latin America & Caribbean,5924622.833333333,295940.6666666667,0.0,420840.41,11413.56,409426.85,409426.85,49.950971562549825,0.16650323854183274,1.0,0.5832516192709164,moderate,False,False,False,False
PRI,177,Puerto Rico,Latin America & Caribbean,66200.0,1849.6666666666667,0.0,0.0,0.0,0.0,0.0,27.940584088620344,0.09313528029540115,,,data_missing,False,False,True,False
PRY,169,Paraguay,Latin America & Caribbean,4412520.3,132455.0,0.0,132476.66333333333,21.266666666666666,132455.39666666667,132455.39666666667,30.017992211843197,0.10005997403947732,1.0,0.5500299870197387,moderate,False,False,False,False
SLV,60,El Salvador,Latin America & Caribbean,881000.0,39959.0,0.0,61533.746666666666,6691.450000000001,54842.29666666666,54842.29666666666,45.356413166855845,0.15118804388951948,1.0,0.5755940219447597,moderate,False,False,False,False
SUR,207,Suriname,Latin America & Caribbean,66666.66666666667,8996.333333333334,0.0,9066.88,70.47666666666667,8996.403333333332,8996.403333333332,134.945,0.44981666666666664,1.0,0.7249083333333333,high,False,False,False,False
TCA,224,Turks and Caicos Islands,Latin America & Caribbean,1000.0,,0.0,0.0,0.0,0.0,0.0,,,,,data_missing,False,True,True,False
TTO,220,Trinidad and Tobago,Latin America & Caribbean,47000.0,1338.3333333333333,737033.6066666666,1045.3533333333335,720754.7600000001,17324.199999999837,0.0,28.475177304964536,0.09491725768321511,0.0,0.04745862884160756,low,True,False,False,False
URY,234,Uruguay,Latin America & Caribbean,2127166.6666666665,178833.66666666666,0.0,181788.54,2955.4,178833.14,178833.14,84.07129985113218,0.2802376661704406,1.0,0.6401188330852203,moderate,False,False,False,False
VCT,191,Saint Vincent and the Grenadines,Latin America & Caribbean,5000.0,140.0,0.0,235.19999999999996,0.03333333333333333,235.16666666666663,235.16666666666663,28.0,0.09333333333333334,1.0,0.5466666666666666,moderate,False,False,False,False
VEN,236,Venezuela (Bolivarian Republic of),Latin America & Caribbean,3300000.0,122331.66666666667,197133.33333333334,13964.44,74555.19666666667,136542.57666666666,0.0,37.070202020202025,0.12356734006734009,0.0,0.061783670033670045,low,False,False,False,False
VGB,239,British Virgin Islands,Latin America & Caribbean,2000.0,,0.0,0.0,0.0,0.0,0.0,,,,,data_missing,False,True,True,False
VIR,240,United States Virgin Islands,Latin America & Caribbean,1100.0,,0.0,0.0,0.0,0.0,0.0,,,,,data_missing,False,True,True,False
ARE,225,United Arab Emirates,North Africa & West Asia,87316.66666666667,10562.666666666666,933160.0,30859.64,14259.466666666667,949760.1733333333,16600.173333333332,120.96965069669783,0.4032321689889928,0.017478279042879217,0.210355224015936,low,False,False,False,False
ARM,1,Armenia,North Africa & West Asia,504566.6666666667,26860.666666666668,0.0,26867.930000000004,7.116666666666666,26860.81333333334,26860.81333333334,53.23511924423598,0.17745039748078661,1.0,0.5887251987403933,moderate,False,False,False,False
AZE,52,Azerbaijan,North Africa & West Asia,2355400.0,92063.66666666667,28328.013333333336,78660.81,28701.14,78287.68333333333,49959.67,39.08621324049702,0.1302873774683234,0.6381549162373562,0.3842211468528398,moderate,False,False,False,False
BHR,13,Bahrain,North Africa & West Asia,4100.0,143.33333333333334,361474.48666666663,143.26333333333335,361474.48666666663,143.26333333330695,0.0,34.959349593495936,0.11653116531165313,0.0,0.05826558265582656,low,True,False,False,False
CYP,50,Cyprus,North Africa & West Asia,126671.23333333334,8004.666666666667,0.0,8002.046666666666,2.9166666666666665,7999.129999999999,7999.129999999999,63.19245858767724,0.2106415286255908,1.0,0.6053207643127954,moderate,False,False,False,False
DZA,4,Algeria,North Africa & West Asia,8495832.866666667,70200.0,1043200.0,80962.01333333332,1849951.5933333335,-725789.5800000001,0.0,8.262874411692954,0.027542914705643178,,,data_missing,False,False,False,False
EGY,59,Egypt,North Africa & West Asia,3918666.6666666665,1311833.3333333333,3426533.3333333335,16747.443333333333,1908574.8399999999,1534705.936666667,0.0,334.7652262674379,1.0,0.0,0.5,moderate,False,False,False,False
ESH,205,Western Sahara,North Africa & West Asia,4000.0,,0.0,0.0,0.0,0.0,0.0,,,,,data_missing,False,True,True,False
GEO,73,Georgia,North Africa & West Asia,434900.0,23979.666666666668,163682.02333333335,7668.47,155260.3633333333,16090.130000000034,0.0,55.13834597991876,0.1837944865997292,0.0,0.0918972432998646,low,True,False,False,False
IRN,102,Iran (Islamic Republic of),North Africa & West Asia,17500000.0,815876.0,1826568.0,16260.216666666667,781491.8866666667,1061336.3299999998,0.0,46.62148571428571,0.15540495238095237,0.0,0.07770247619047618,low,False,False,False,False
IRQ,103,Iraq,North Africa & West Asia,5427733.333333333,182515.0,123311.71333333333,170089.55666666667,191.17333333333332,293210.0966666667,169898.38333333333,33.6263756509777,0.11208791883659233,0.5794424723596091,0.3457651955981007,moderate,False,False,False,False
ISR,105,Israel,North Africa & West Asia,446166.6666666667,41581.333333333336,31726.430000000004,83815.29,50720.74,64820.98,33094.549999999996,93.19686215913336,0.3106562071971112,0.5105530647639082,0.41060463598050967,moderate,False,False,False,False
JOR,112,Jordan,North Africa & West Asia,287100.0,18219.0,140666.66666666666,22208.686666666665,140106.29666666666,22769.05666666667,0.0,63.45872518286311,0.21152908394287703,0.0,0.10576454197143852,low,True,False,False,False
KWT,118,Kuwait,North Africa & West Asia,14000.0,2513.0,85966.66666666667,3871.4966666666664,83900.23333333332,5937.930000000022,0.0,179.5,0.5983333333333334,0.0,0.2991666666666667,low,True,False,False,False
LBN,121,Lebanon,North Africa & West Asia,272321.6666666667,17258.0,0.0,17338.183333333334,80.38,17257.803333333333,17257.803333333333,63.373583935664314,0.21124527978554772,1.0,0.6056226398927739,moderate,False,False,False,False
LBY,124,Libya,North Africa & West Asia,2050000.0,14433.333333333334,54533.333333333336,11432.453333333333,56064.716666666674,9901.069999999992,0.0,7.040650406504065,0.023468834688346884,0.0,0.011734417344173442,low,True,False,False,False
MAR,143,Morocco,North Africa & West Asia,9016324.5,208533.33333333334,1416200.0,207641.01333333334,1306896.32,316944.69333333336,0.0,23.128419272546516,0.07709473090848838,0.0,0.03854736545424419,low,True,False,False,False
OMN,221,Oman,North Africa & West Asia,109393.33333333333,9561.333333333334,1321591.4166666667,10287.893333333333,1580472.5099999998,-248593.19999999972,0.0,87.40325431165824,0.29134418103886084,,,data_missing,True,False,False,False
PSE,299,Palestine,North Africa & West Asia,143660.6,7905.0,0.0,6018.34,2073.9,3944.44,3944.44,55.02552543982136,0.18341841813273785,1.0,0.5917092090663689,moderate,False,False,False,False
QAT,179,Qatar,North Africa & West Asia,24000.0,1412.3333333333333,2552966.6666666665,1412.3333333333333,2340592.2433333336,213786.75666666636,0.0,58.84722222222222,0.1961574074074074,0.0,0.0980787037037037,low,True,False,False,False
SAU,194,Saudi Arabia,North Africa & West Asia,3619949.233333333,207130.33333333334,2888513.9599999995,34152.02,2427906.296666667,494759.68333333265,0.0,57.2191265628891,0.19073042187629702,0.0,0.09536521093814851,low,True,False,False,False
SYR,212,Syrian Arab Republic,North Africa & West Asia,5726364.333333333,23081.333333333332,0.0,24084.403333333332,3.266666666666667,24081.136666666665,24081.136666666665,4.030713379338478,0.013435711264461594,1.0,0.5067178556322308,moderate,False,False,False,False
TUN,222,Tunisia,North Africa & West Asia,4950500.0,78061.66666666667,137106.39,7074.426666666666,64118.503333333334,80062.31333333335,0.0,15.76844089822577,0.05256146966075256,0.0,0.02628073483037628,low,False,False,False,False
TUR,223,TÃ¼rkiye,North Africa & West Asia,23141333.333333332,1754274.0,1197569.0,1512729.58,321933.66333333333,2388364.916666667,1190795.9166666667,75.80695436736576,0.25268984789121923,0.49858206690148793,0.3756359573963536,moderate,False,False,False,False
YEM,249,Yemen,North Africa & West Asia,1452000.0,5936.666666666667,0.0,5941.286666666667,29.810000000000002,5911.4766666666665,5911.4766666666665,4.088613406795226,0.013628711355984086,1.0,0.506814355677992,moderate,False,False,False,False
BMU,17,Bermuda,Northern America,300.0,59.0,0.0,32.373333333333335,0.0,32.373333333333335,32.373333333333335,196.66666666666666,0.6555555555555556,1.0,0.8277777777777777,high,False,False,False,False
CAN,33,Canada,Northern America,38692000.0,2794000.0,3869306.6666666665,1020731.7933333333,1219612.9866666666,3670425.4733333336,0.0,72.21130983148971,0.2407043661049657,0.0,0.12035218305248285,low,False,False,False,False
GRL,85,Greenland,Northern America,,23.0,0.0,22.99,0.06666666666666667,22.923333333333332,22.923333333333332,,,1.0,,data_missing,False,False,False,True
SPM,190,Saint Pierre and Miquelon,Northern America,2000.0,,0.0,0.0,0.0,0.0,0.0,,,,,data_missing,False,True,True,False
USA,231,United States of America,Northern America,158155730.0,11859149.666666666,13518365.4,3976539.6300000004,1832352.62,15662552.41,2144187.0100000002,74.98400258192774,0.24994667527309247,0.13689895196334734,0.1934228136182199,low,False,False,False,False
ASM,5,American Samoa,Oceania,2840.0,,0.0,0.0,0.0,0.0,0.0,,,,,data_missing,False,True,True,False
AUS,10,Australia,Oceania,31074000.0,1518114.0,354200.05,1343676.29,90775.88333333335,1607100.4566666668,1252900.4066666667,48.85479822359529,0.1628493274119843,0.7796030431509823,0.4712261852814833,moderate,False,False,False,False
COK,47,Cook Islands,Oceania,1900.0,11.333333333333334,0.0,14.686666666666666,0.0,14.686666666666666,14.686666666666666,5.964912280701754,0.019883040935672513,1.0,0.5099415204678363,moderate,False,False,False,False
FJI,66,Fiji,Oceania,139633.33333333334,4280.666666666667,0.0,4284.606666666667,3.766666666666667,4280.84,4280.84,30.65648126044402,0.10218827086814673,1.0,0.5510941354340734,moderate,False,False,False,False
FSM,145,Micronesia (Federated States of),Oceania,2000.0,2.0,0.0,2.0933333333333333,0.0,2.0933333333333333,2.0933333333333333,1.0,0.0033333333333333335,1.0,0.5016666666666667,moderate,False,False,False,False
GUM,88,Guam,Oceania,8000.0,,0.0,0.0,0.0,0.0,0.0,,,,,data_missing,False,True,True,False
KIR,83,Kiribati,Oceania,34000.0,0.0,0.0,0.08333333333333333,0.0,0.08333333333333333,0.08333333333333333,0.0,0.0,1.0,0.5,moderate,False,False,False,False
MHL,127,Marshall Islands,Oceania,7000.0,,0.0,49.49,9.166666666666666,40.32333333333334,40.32333333333334,,,1.0,,data_missing,False,True,False,False
MNP,163,Northern Mariana Islands,Oceania,170.0,,0.0,0.0,0.0,0.0,0.0,,,,,data_missing,False,True,True,False
NCL,153,New Caledonia,Oceania,9700.0,562.0,0.0,769.91,0.0,769.91,769.91,57.93814432989691,0.19312714776632303,1.0,0.5965635738831615,moderate,False,False,False,False
NFK,161,Norfolk Island,Oceania,,,0.0,0.0,0.0,0.0,0.0,,,,,data_missing,False,True,True,True
NIU,160,Niue,Oceania,3800.0,,0.0,0.0,0.0,0.0,0.0,,,,,data_missing,False,True,True,False
NRU,148,Nauru,Oceania,400.0,0.0,0.0,0.049999999999999996,1.25,-1.2,0.0,0.0,0.0,,,data_missing,False,False,False,False
NZL,156,New Zealand,Oceania,603333.3333333334,460000.0,89400.0,393864.34,602.0300000000001,482662.31,393262.31,762.4309392265193,1.0,0.814777333660049,0.9073886668300245,high,False,False,False,False
PCN,172,Pitcairn,Oceania,,,0.0,0.0,0.0,0.0,0.0,,,,,data_missing,False,True,True,True
PLW,180,Palau,Oceania,2300.0,8.0,0.0,8.03,0.0,8.03,8.03,3.4782608695652173,0.011594202898550725,1.0,0.5057971014492754,moderate,False,False,False,False
PNG,168,Papua New Guinea,Oceania,1215000.0,27910.666666666668,0.0,28396.206666666665,92.69,28303.516666666666,28303.516666666666,22.971742112482854,0.07657247370827618,1.0,0.5382862368541381,moderate,False,False,False,False
PYF,70,French Polynesia,Oceania,27833.333333333332,309.0,0.0,335.7633333333333,0.0,335.7633333333333,335.7633333333333,11.10179640718563,0.0370059880239521,1.0,0.5185029940119761,moderate,False,False,False,False
SLB,25,Solomon Islands,Oceania,96133.33333333333,592.6666666666666,0.0,592.67,0.0,592.67,592.67,6.16504854368932,0.020550161812297733,1.0,0.5102750809061488,moderate,False,False,False,False
TKL,218,Tokelau,Oceania,600.0,,0.0,0.0,0.0,0.0,0.0,,,,,data_missing,False,True,True,False
TON,219,Tonga,Oceania,31000.0,77.66666666666667,0.0,77.83,0.0,77.83,77.83,2.5053763440860215,0.008351254480286738,1.0,0.5041756272401434,moderate,False,False,False,False
TUV,227,Tuvalu,Oceania,1800.0,7.0,0.0,5.68,0.0,5.68,5.68,3.888888888888889,0.012962962962962963,1.0,0.5064814814814815,moderate,False,False,False,False
VUT,155,Vanuatu,Oceania,145000.0,4.666666666666667,0.0,4.56,0.0,4.56,4.56,0.03218390804597701,0.00010727969348659004,1.0,0.5000536398467433,moderate,False,False,False,False
WLF,243,Wallis and Futuna Islands,Oceania,6000.0,,0.0,0.0,0.0,0.0,0.0,,,,,data_missing,False,True,True,False
WSM,244,Samoa,Oceania,44450.0,19.333333333333332,0.0,10.923333333333334,0.02666666666666667,10.896666666666667,10.896666666666667,0.43494563179602547,0.0014498187726534183,1.0,0.5007249093863267,moderate,False,False,False,False
AFG,2,Afghanistan,South Asia,8023666.666666667,74481.33333333333,14416.0,138533.00333333333,7.48,152941.52333333332,138525.52333333332,9.282705330065223,0.03094235110021741,0.9057417522344107,0.468342051667314,moderate,False,False,False,False
BGD,16,Bangladesh,South Asia,8743100.0,1340066.6666666667,373613.3333333333,422971.50333333336,0.0,796584.8366666667,422971.50333333336,153.27134159127388,0.5109044719709129,0.5309811132022929,0.5209427925866029,moderate,False,False,False,False
BTN,18,Bhutan,South Asia,101166.66666666667,1143.6666666666667,0.0,6.073333333333333,0.0,6.073333333333333,6.073333333333333,11.304777594728172,0.03768259198242724,1.0,0.5188412959912136,moderate,False,False,False,False
IND,100,India,South Asia,168498333.33333334,18965366.666666668,13601166.666666666,5714061.606666666,85784.98,19229443.293333333,5628276.626666666,112.55521815250398,0.37518406050834663,0.2926905652343007,0.33393731287132367,moderate,False,False,False,False
LKA,38,Sri Lanka,South Asia,2371724.2666666666,150603.0,0.0,205026.72,150.48,204876.24,204876.24,63.499371371556855,0.21166457123852284,1.0,0.6058322856192614,moderate,False,False,False,False
MDV,132,Maldives,South Asia,5400.0,294.3333333333333,0.0,299.99333333333334,0.0,299.99333333333334,299.99333333333334,54.50617283950617,0.1816872427983539,1.0,0.590843621399177,moderate,False,False,False,False
NPL,149,Nepal,South Asia,2039279.5666666667,126984.33333333333,0.0,129120.95666666667,0.25,129120.70666666667,129120.70666666667,62.269212818572676,0.2075640427285756,1.0,0.6037820213642878,moderate,False,False,False,False
PAK,165,Pakistan,South Asia,31633333.333333332,3495354.0,3214019.356666667,320587.4166666667,2343.0,3532263.7733333334,318244.4166666667,110.4959114857745,0.36831970495258165,0.09009644723285917,0.22920807609272043,low,False,False,False,False
AGO,7,Angola,Sub-Saharan Africa,5658666.666666667,20784.666666666668,0.0,16998.74666666667,129.41666666666666,16869.33,16869.33,3.673067860508954,0.012243559535029846,1.0,0.5061217797675149,moderate,False,False,False,False
BDI,29,Burundi,Sub-Saharan Africa,1566000.0,9077.666666666666,0.0,6841.253333333333,0.0,6841.253333333333,6841.253333333333,5.796722009365687,0.01932240669788562,1.0,0.5096612033489428,moderate,False,False,False,False
BEN,53,Benin,Sub-Saharan Africa,3958355.533333333,59906.0,0.0,62614.986666666664,82.73333333333333,62532.253333333334,62532.253333333334,15.134062490226372,0.050446874967421236,1.0,0.5252234374837106,moderate,False,False,False,False
BFA,233,Burkina Faso,Sub-Saharan Africa,8138963.866666667,45724.333333333336,0.0,45954.36000000001,230.15666666666667,45724.20333333334,45724.20333333334,5.617955071725837,0.01872651690575279,1.0,0.5093632584528764,moderate,False,False,False,False
BWA,20,Botswana,Sub-Saharan Africa,261866.66666666666,12094.333333333334,0.0,11135.970000000001,48.89666666666667,11087.073333333334,11087.073333333334,46.18508146639512,0.15395027155465038,1.0,0.5769751357773252,moderate,False,False,False,False
CAF,37,Central African Republic,Sub-Saharan Africa,2427766.6666666665,215.66666666666666,0.0,215.30999999999997,0.0,215.30999999999997,215.30999999999997,0.08883335850507325,0.0002961111950169108,1.0,0.5001480555975084,moderate,False,False,False,False
CIV,107,CÃ´te d'Ivoire,Sub-Saharan Africa,12631492.333333334,45437.666666666664,0.0,61883.86666666667,10187.36,51696.50666666667,51696.50666666667,3.597173276728426,0.011990577589094754,1.0,0.5059952887945474,moderate,False,False,False,False
CMR,32,Cameroon,Sub-Saharan Africa,7812957.133333333,44379.0,0.0,50306.43666666667,4383.933333333333,45922.503333333334,45922.503333333334,5.680179635270323,0.018933932117567744,1.0,0.5094669660587838,moderate,False,False,False,False
COD,250,Democratic Republic of the Congo,Sub-Saharan Africa,15576400.0,23591.666666666668,0.0,24294.0,8.116666666666667,24285.883333333335,24285.883333333335,1.5145776088612688,0.005048592029537563,1.0,0.5025242960147688,moderate,False,False,False,False
COG,46,Congo,Sub-Saharan Africa,643999.0,1470.0,0.0,1589.55,4.1066666666666665,1585.4433333333334,1585.4433333333334,2.282612240081118,0.0076087074669370595,1.0,0.5038043537334685,moderate,False,False,False,False
COM,45,Comoros,Sub-Saharan Africa,118000.0,66.33333333333333,0.0,66.38333333333334,0.0,66.38333333333334,66.38333333333334,0.5621468926553672,0.0018738229755178907,1.0,0.500936911487759,moderate,False,False,False,False
CPV,35,Cabo Verde,Sub-Saharan Africa,54000.0,175.33333333333334,0.0,175.23333333333335,0.0,175.23333333333335,175.23333333333335,3.246913580246914,0.010823045267489713,1.0,0.5054115226337449,moderate,False,False,False,False
DJI,72,Djibouti,Sub-Saharan Africa,3133.3333333333335,44.333333333333336,0.0,232684.20333333334,0.0,232684.20333333334,232684.20333333334,14.148936170212766,0.047163120567375885,1.0,0.523581560283688,moderate,False,False,False,False
ERI,178,Eritrea,Sub-Saharan Africa,692000.0,4090.3333333333335,0.0,5141.78,0.0,5141.78,5141.78,5.910886319845858,0.019702954399486192,1.0,0.5098514771997431,moderate,False,False,False,False
ETH,238,Ethiopia,Sub-Saharan Africa,18189700.0,353096.0,0.0,353096.19333333336,0.0,353096.19333333336,353096.19333333336,19.41186495654134,0.06470621652180447,1.0,0.5323531082609022,moderate,False,False,False,False
GAB,74,Gabon,Sub-Saharan Africa,495000.0,4931.666666666667,0.0,5117.796666666666,0.01,5117.786666666666,5117.786666666666,9.962962962962964,0.03320987654320988,1.0,0.5166049382716049,moderate,False,False,False,False
GHA,81,Ghana,Sub-Saharan Africa,7325434.8,74174.0,0.0,96988.32333333332,4705.33,92282.99333333332,92282.99333333332,10.125542309106349,0.033751807697021165,1.0,0.5168759038485106,moderate,False,False,False,False
GIN,90,Guinea,Sub-Saharan Africa,6089837.533333334,7055.0,0.0,13983.526666666667,0.0,13983.526666666667,13983.526666666667,1.1584873917216596,0.0038616246390721985,1.0,0.5019308123195361,moderate,False,False,False,False
GMB,75,Gambia,Sub-Saharan Africa,447000.0,899.0,0.0,899.7933333333334,0.91,898.8833333333334,898.8833333333334,2.011185682326622,0.006703952274422074,1.0,0.503351976137211,moderate,False,False,False,False
GNB,175,Guinea-Bissau,Sub-Saharan Africa,607156.1333333333,4660.0,0.0,180.28666666666666,0.0,180.28666666666666,180.28666666666666,7.67512628821889,0.02558375429406297,1.0,0.5127918771470314,moderate,False,False,False,False
GNQ,61,Equatorial Guinea,Sub-Saharan Africa,100000.0,277.0,0.0,80.97000000000001,0.0,80.97000000000001,80.97000000000001,2.77,0.009233333333333333,1.0,0.5046166666666667,moderate,False,False,False,False
KEN,114,Kenya,Sub-Saharan Africa,7348507.733333334,151075.0,0.0,154120.46666666667,6687.376666666666,147433.09,147433.09,20.55859576968443,0.06852865256561477,1.0,0.5342643262828074,moderate,False,False,False,False
LBR,123,Liberia,Sub-Saharan Africa,700000.0,5376.0,0.0,2714.6266666666666,63.99666666666667,2650.63,2650.63,7.68,0.025599999999999998,1.0,0.5128,moderate,False,False,False,False
LSO,122,Lesotho,Sub-Saharan Africa,312366.6666666667,2942.0,0.0,2942.5466666666666,0.39999999999999997,2942.1466666666665,2942.1466666666665,9.418418525237435,0.03139472841745811,1.0,0.515697364208729,moderate,False,False,False,False
MDG,129,Madagascar,Sub-Saharan Africa,3600000.0,23995.333333333332,0.0,17190.44,13608.24,3582.199999999999,3582.199999999999,6.66537037037037,0.0222179012345679,1.0,0.5111089506172839,moderate,True,False,False,False
MLI,133,Mali,Sub-Saharan Africa,8167579.866666667,120969.66666666667,0.0,97418.56666666667,17875.54,79543.02666666667,79543.02666666667,14.810956077744057,0.04936985359248019,1.0,0.5246849267962401,moderate,False,False,False,False
MOZ,144,Mozambique,Sub-Saharan Africa,6044566.666666667,40210.0,0.0,38040.85666666667,9053.57,28987.286666666667,28987.286666666667,6.6522551933692515,0.022174183977897506,1.0,0.5110870919889487,moderate,False,False,False,False
MRT,136,Mauritania,Sub-Saharan Africa,460000.0,3532.6666666666665,0.0,10086.573333333334,0.0,10086.573333333334,10086.573333333334,7.679710144927536,0.02559903381642512,1.0,0.5127995169082126,moderate,False,False,False,False
MUS,137,Mauritius,Sub-Saharan Africa,79000.0,6949.333333333333,0.0,6770.916666666667,537.8566666666667,6233.06,6233.06,87.96624472573839,0.2932208157524613,1.0,0.6466104078762307,moderate,False,False,False,False
MWI,130,Malawi,Sub-Saharan Africa,4078333.3333333335,99882.66666666667,0.0,99417.38,291.1033333333333,99126.27666666667,99126.27666666667,24.491050265631387,0.08163683421877128,1.0,0.5408184171093856,moderate,False,False,False,False
MYT,270,Mayotte,Sub-Saharan Africa,16584.0,,0.0,0.0,0.0,0.0,0.0,,,,,data_missing,False,True,True,False
NAM,147,Namibia,Sub-Saharan Africa,811000.0,17359.333333333332,0.0,12842.699999999999,61.21666666666666,12781.483333333332,12781.483333333332,21.40484997944924,0.07134949993149746,1.0,0.5356747499657487,moderate,False,False,False,False
NER,158,Niger,Sub-Saharan Africa,17813900.0,9866.666666666666,0.0,9200.263333333334,176.47666666666666,9023.786666666667,9023.786666666667,0.5538745960551404,0.0018462486535171347,1.0,0.5009231243267586,moderate,False,False,False,False
NGA,159,Nigeria,Sub-Saharan Africa,43305171.73333333,488142.6666666667,724300.0,72850.34,284729.9766666667,512420.3633333333,0.0,11.272156352884942,0.03757385450961647,0.0,0.018786927254808235,low,False,False,False,False
REU,182,RÃ©union,Sub-Saharan Africa,34689.0,461.3333333333333,0.0,0.0,0.0,0.0,0.0,13.299124602419594,0.04433041534139865,,,data_missing,False,False,False,False
RWA,184,Rwanda,Sub-Saharan Africa,1535866.6666666667,10239.666666666666,0.0,10240.68,0.9433333333333334,10239.736666666668,10239.736666666668,6.667028387880892,0.022223427959602974,1.0,0.5111117139798015,moderate,False,False,False,False
SDN,276,Sudan,Sub-Saharan Africa,21211000.0,163547.0,0.0,120476.97000000002,0.0,120476.97000000002,120476.97000000002,7.7104804111074445,0.025701601370358148,1.0,0.5128508006851791,moderate,False,False,False,False
SEN,195,Senegal,Sub-Saharan Africa,3794333.3333333335,38161.333333333336,17766.710000000003,35191.87,22411.353333333333,30547.22666666667,12780.51666666667,10.057454098216638,0.03352484699405546,0.41838549882542536,0.2259551729097404,low,False,False,False,False
SHN,187,Ascension; Saint Helena and Tristan da Cunha,Sub-Saharan Africa,4000.0,,0.0,0.0,0.0,0.0,0.0,,,,,data_missing,False,True,True,False
SLE,197,Sierra Leone,Sub-Saharan Africa,1749000.0,2478.0,0.0,2478.46,0.016666666666666666,2478.443333333333,2478.443333333333,1.4168096054888508,0.0047226986849628365,1.0,0.5023613493424814,moderate,False,False,False,False
SOM,201,Somalia,Sub-Saharan Africa,1127533.3333333333,,0.0,0.0,0.0,0.0,0.0,,,,,data_missing,False,True,True,False
SSD,277,South Sudan,Sub-Saharan Africa,2477700.0,95.33333333333333,0.0,95.13333333333333,0.0,95.13333333333333,95.13333333333333,0.03847654410676568,0.00012825514702255228,1.0,0.5000641275735113,moderate,False,False,False,False
STP,193,Sao Tome and Principe,Sub-Saharan Africa,41000.0,113.66666666666667,0.0,41.63333333333333,0.0,41.63333333333333,41.63333333333333,2.772357723577236,0.00924119241192412,1.0,0.5046205962059621,moderate,False,False,False,False
SWZ,209,Eswatini,Sub-Saharan Africa,195000.0,7305.333333333333,0.0,11529.300000000001,4257.943333333334,7271.3566666666675,7271.3566666666675,37.463247863247865,0.12487749287749289,1.0,0.5624387464387465,moderate,False,False,False,False
SYC,196,Seychelles,Sub-Saharan Africa,1550.0,52.333333333333336,0.0,52.48,0.0,52.48,52.48,33.763440860215056,0.11254480286738353,1.0,0.5562724014336917,moderate,False,False,False,False
TCD,39,Chad,Sub-Saharan Africa,5338000.0,14786.0,0.0,6280.0199999999995,280.0,6000.0199999999995,6000.0199999999995,2.7699512926189582,0.009233170975396528,1.0,0.5046165854876983,moderate,False,False,False,False
TGO,217,Togo,Sub-Saharan Africa,2820000.0,9236.666666666666,0.0,15586.996666666666,3653.806666666667,11933.189999999999,11933.189999999999,3.275413711583924,0.010918045705279747,1.0,0.5054590228526399,moderate,False,False,False,False
TZA,215,United Republic of Tanzania,Sub-Saharan Africa,15309433.333333334,130357.0,0.0,140636.36333333334,10279.163333333334,130357.20000000001,130357.20000000001,8.514815484135054,0.02838271828045018,1.0,0.5141913591402251,moderate,False,False,False,False
UGA,226,Uganda,Sub-Saharan Africa,9100000.0,10295.666666666666,0.0,10392.92,97.38333333333333,10295.536666666667,10295.536666666667,1.1313919413919413,0.003771306471306471,1.0,0.5018856532356533,moderate,False,False,False,False
ZAF,202,South Africa,Sub-Saharan Africa,12413000.0,543844.3333333334,149533.33333333334,531586.9666666667,137276.09333333332,543844.2066666668,394310.87333333335,43.81248153817235,0.14604160512724115,0.7250438057438287,0.4355427054355349,moderate,False,False,False,False
ZMB,251,Zambia,Sub-Saharan Africa,3839000.0,169123.0,0.0,253058.8566666667,10627.916666666666,242430.94000000003,242430.94000000003,44.05392029174264,0.14684640097247548,1.0,0.5734232004862377,moderate,False,False,False,False
ZWE,181,Zimbabwe,Sub-Saharan Africa,4077213.1666666665,59994.0,10633.333333333334,108525.54,696.7233333333334,118462.15,107828.81666666667,14.71446243980621,0.04904820813268737,0.9102385586169648,0.4796433833748261,moderate,False,False,False,False
