region,soc_pct,metric,n,median,q25,q75,p5,p95,mean,sd
north_america,50,yield_pen,1000,2.1274374831899703,1.5668668815265878,2.7853219325245178,1.0674836768311053,3.751884650397136,2.2271557206861745,0.8410802582753234
north_america,50,profit_chg,1000,-4.149271385007491,-5.662481652583392,-2.5242626386466793,-7.504987267037036,0.7782638108181859,-3.9258192099938234,2.506383393457607
north_america,100,yield_pen,1000,1.4684624878539443,1.0515513789614739,2.0361228314400237,0.644006777764608,2.8997115974698975,1.6039503563385664,0.722071267774545
north_america,100,profit_chg,1000,-3.1430742821600246,-4.631017739549279,-1.4929580820684603,-6.557888499471411,1.860610950559619,-2.9016981295137247,2.5240304481424767
north_america,150,yield_pen,1000,1.0458550260990462,0.697191988717133,1.5421930215100494,0.402933668936572,2.357667660655716,1.1818829530539892,0.6262711948279119
north_america,150,profit_chg,1000,-2.472804163137521,-3.9925771183292023,-0.8485540808721909,-5.935152687248934,2.697749780049759,-2.2114267345815595,2.593049603308741
europe,50,yield_pen,1000,2.6541252667291126,2.019103727684773,3.384348303193102,1.4014212594441389,4.5458512163755636,2.758576555948078,0.9610711900571384
europe,50,profit_chg,1000,-1.5624213288102762,-3.8232775643029573,1.009897112978858,-6.5992378215787655,6.973200986657361,-1.0106833473290804,4.091923280593073
europe,100,yield_pen,1000,2.3823443325330707,1.7617299190303721,3.096861647822158,1.2178610848943616,4.146482528139285,2.4821902602175143,0.9122366712844823
europe,100,profit_chg,1000,-1.11123228423049,-3.435348360471932,1.509680155630727,-6.158962158380313,7.362676686531819,-0.5237780172705643,4.1104412216512936
europe,150,yield_pen,1000,2.1305371749153315,1.5565049429792839,2.799250368924394,1.032059580751062,3.8041140785166636,2.240412538173318,0.8695274586497156
europe,150,profit_chg,1000,-0.6701590146472924,-3.0047666385773524,1.9207215709646008,-5.854677084764099,7.717107790496558,-0.09925624309323713,4.137246153716604
east_asia,50,yield_pen,1000,1.3999291025379168,0.9582163027406054,2.0059815302721913,0.5644487387469038,3.058037785303623,1.5533068385769602,0.7898944236729818
east_asia,50,profit_chg,1000,-7.758402400343389,-9.242930377699308,-6.1284364460795775,-11.614415808668896,-4.248727536435995,-7.7543613389346335,2.266239615240023
east_asia,100,yield_pen,1000,1.0662760980310215,0.7001040073675885,1.5821926261299524,0.3844689115144406,2.4946472276535556,1.202993915093135,0.6693687875128734
east_asia,100,profit_chg,1000,-7.269889133885416,-8.841649687020404,-5.739361711416299,-11.265493447616015,-3.696377398473018,-7.298223575180498,2.2962987290012746
east_asia,150,yield_pen,1000,0.8090003781885624,0.514614203819222,1.2524488613293472,0.2607807824753222,2.043102231842719,0.9391051679100474,0.5742511328930037
east_asia,150,profit_chg,1000,-6.924562335976553,-8.520366043836045,-5.348467882260943,-10.984014662525023,-3.2786781584916764,-6.954585169089628,2.3381921088613757
south_asia,50,yield_pen,1000,2.9917870050520046,2.207539263052788,3.8452849395113953,1.5023422213822657,5.152322985603379,3.094179464343794,1.14513738374405
south_asia,50,profit_chg,1000,-8.366633585294764,-11.833583219816479,-5.327156889265653,-16.745022247791322,-0.5471812522153788,-8.455150436986395,4.951959820172399
south_asia,100,yield_pen,1000,2.8499933955509036,2.0965494411558843,3.711204657643166,1.402084011304433,4.945217884075088,2.959687060428913,1.1203683524524772
south_asia,100,profit_chg,1000,-8.132721739233556,-11.584730932382575,-5.058348985838013,-16.472873726871033,-0.27422381298391757,-8.194897155532795,4.956075120864101
south_asia,150,yield_pen,1000,2.707891777271676,1.9844526416902042,3.55396736539563,1.3092268993850364,4.76166588486811,2.8322920636618356,1.0968921642752465
south_asia,150,profit_chg,1000,-7.906340116386329,-11.303654864934849,-4.831302878745605,-16.208191273135117,0.03743022083829583,-7.9489340787639815,4.961989897606068
southeast_asia,50,yield_pen,1000,4.693933293136022,3.4689646241921306,6.121590794055695,2.314978275721435,8.236044565656607,4.913540878147261,1.8514288544654673
southeast_asia,50,profit_chg,1000,-11.434898581911856,-14.108104100297941,-8.465473621276939,-18.219611164135987,-3.938988769870409,-11.275195976109053,4.231427223636576
southeast_asia,100,yield_pen,1000,2.976532696537215,2.10050846761019,4.1864806700493205,1.2416812390563259,6.147287812991865,3.2644565161180727,1.5492652076610924
southeast_asia,100,profit_chg,1000,-8.310842385239653,-11.037151946011514,-5.5597399314374245,-15.28915746270683,-1.1082318365502144,-8.206086509470719,4.243269016416725
southeast_asia,150,yield_pen,1000,1.9270180437858053,1.26895972301794,2.9874175041363857,0.6732690849917533,4.774314913756037,2.251085543010388,1.303987990070353
southeast_asia,150,profit_chg,1000,-6.4656754469903985,-9.329220412846635,-3.6458481530547955,-13.571127349003783,0.9916490813426511,-6.359934969546954,4.397410451115825
latin_america,50,yield_pen,1000,1.979354746967149,1.4556272645159267,2.703161416923741,0.9283614351466607,3.741071797165292,2.139572192038451,0.8905245376198493
latin_america,50,profit_chg,1000,-7.037147266719284,-8.85836936143362,-5.175129068959078,-11.453436531153356,-2.169736123899026,-6.949967202403731,2.780902749358266
latin_america,100,yield_pen,1000,1.5172350834005033,1.0813477638324742,2.155236826335585,0.6482324217257818,3.2280694141659647,1.6873917330883794,0.8053670127783317
latin_america,100,profit_chg,1000,-6.086238925051124,-7.893019925853761,-4.282439288501489,-10.409697680038649,-1.2752201481693939,-5.970354313915037,2.7511213927875553
latin_america,150,yield_pen,1000,1.1745223809377259,0.7993260208969316,1.76575062213489,0.45065340470834603,2.776032264750474,1.3512541519165098,0.7293477945241023
latin_america,150,profit_chg,1000,-5.319508462170919,-7.1469317326026065,-3.557915558319019,-9.686382604911737,-0.5979710579841019,-5.24993006073707,2.7640348035568154
sub_saharan_africa,50,yield_pen,1000,3.998624136835188,3.158310631126299,4.932047891992355,2.2372164365640828,6.356768644225486,4.11590439838117,1.2490916769631724
sub_saharan_africa,50,profit_chg,1000,-13.652971661292579,-18.29404874085636,-9.612290868638876,-25.428161648952294,-4.610188038462101,-14.08198411929535,6.342110318600833
sub_saharan_africa,100,yield_pen,1000,3.3513251436804783,2.5852841599681016,4.28039751654844,1.7590830318056634,5.515849748599817,3.482644440716772,1.1733403203560022
sub_saharan_africa,100,profit_chg,1000,-10.66506688477567,-14.89119534667646,-7.222014390497223,-21.20214382611154,-2.5072891016098837,-11.089438164542209,5.646831226847405
sub_saharan_africa,150,yield_pen,1000,2.8380751672007376,2.1589189640240343,3.755168939763448,1.4392722294049054,5.00823238636581,3.0012116087746255,1.1082217128436374
sub_saharan_africa,150,profit_chg,1000,-8.60265805274356,-12.511531859114205,-5.493460292537666,-18.039584480133055,-0.9076565327222799,-8.974541069969451,5.219862659290075
fsu_central_asia,50,yield_pen,1000,5.212573201089798,4.014860032830442,6.55238953532746,2.8275509409539263,8.613253394353892,5.375270049593584,1.7601520300109144
fsu_central_asia,50,profit_chg,1000,-7.770416455103951,-10.67990680080876,-4.851946246103722,-14.368057118835301,1.0552439432445218,-7.444887137197094,4.691648644939678
fsu_central_asia,100,yield_pen,1000,4.207693418764174,3.1658890184574213,5.488973107895626,2.147819094833431,7.370699871039986,4.436341676062671,1.6154386392611328
fsu_central_asia,100,profit_chg,1000,-5.63091327016153,-8.381806781203618,-2.775329644379701,-12.049226540921593,3.111702955755717,-5.326735252038931,4.5766972459880355
fsu_central_asia,150,yield_pen,1000,3.4569575964327415,2.567514330479301,4.67321005291598,1.6526551328771422,6.455864272298783,3.7175656837451663,1.4987541301610874
fsu_central_asia,150,profit_chg,1000,-4.069788938529418,-6.7896093924564695,-1.3802494624733264,-10.444346915418478,4.460214317984448,-3.741438517499524,4.570899812340465
