region,year,price_reported,price_econ_consistent,err_pp
north_america,1,1.0451165844966166,1.0527765678113226,-0.7659983314705965
north_america,2,1.0447579364440425,1.056687634908924,-1.1929698464881566
north_america,3,1.0465543341997565,1.0578111084525126,-1.1256774252756063
north_america,4,1.0478208189658074,1.0585659078195264,-1.0745088853719054
north_america,5,1.0487352572972681,1.0591158621492947,-1.038060485202652
north_america,6,1.049404032408906,1.0595241304639231,-1.0120098055017124
north_america,7,1.049900598931056,1.0598330019643878,-0.9932403033331871
north_america,8,1.0502762314856073,1.060071900367471,-0.9795668881863673
north_america,9,1.050566700893386,1.060261328443331,-0.969462754994499
north_america,10,1.0507969453938115,1.0604155729459555,-0.9618627552143932
north_america,11,1.0509843476674436,1.0605445925592778,-0.9560244891834158
north_america,12,1.0511410270965122,1.0606553344593364,-0.9514307362824104
north_america,13,1.051275439599161,1.0607526512592698,-0.9477211660108731
north_america,14,1.0513934924701012,1.060839939056408,-0.9446446586306889
north_america,15,1.05149932042861,1.0609195811361098,-0.9420260707499795
north_america,16,1.0515958254382165,1.06099325639885,-0.9397430960633502
north_america,17,1.0516850520214753,1.061062153695608,-0.9377101674132637
north_america,18,1.051768448116977,1.0611271207517556,-0.9358672634778742
north_america,19,1.0518470463481493,1.0611887676338863,-0.9341721285736959
north_america,20,1.0519215899735386,1.06124753863448,-0.9325948660941386
north_america,21,1.051992620398488,1.061303762217928,-0.9311141819440039
north_america,22,1.0520605379826102,1.061357685728438,-0.9297147745827683
north_america,23,1.0521256442976217,1.0614094995146057,-0.9283855216984049
north_america,24,1.0521881715010084,1.0614593537037362,-0.9271182202727823
north_america,25,1.0522483027610214,1.0615073698713768,-0.9259067110355401
north_america,26,1.0523061864664498,1.06155364916542,-0.9247462698970255
north_america,27,1.052361946119579,1.0615982779676876,-0.923633184810857
north_america,28,1.0524156872307169,1.0616413318449445,-0.922564461422759
north_america,29,1.0524675021298346,1.0616828783115333,-0.9215376181698653
north_america,30,1.0525174733311105,1.0617229787662246,-0.9205505435114114
europe,1,1.0874112149246504,1.074373712211796,1.303750271285442
europe,2,1.0862446032162543,1.103348566195581,-1.7103962979326814
europe,3,1.0908748989370765,1.105324194829594,-1.4449295892517533
europe,4,1.093637489777137,1.1069503151714752,-1.3312825394338201
europe,5,1.0956371064133599,1.1081380362274134,-1.2500929814053485
europe,6,1.0970975167243058,1.109012548979543,-1.1915032255237268
europe,7,1.0981787546826887,1.1096668419007956,-1.1488087218106902
europe,8,1.09899319180484,1.110165942982651,-1.1172751177811024
europe,9,1.0996194605910414,1.1105553448878698,-1.0935884296828347
europe,10,1.1001125320420082,1.110866851392137,-1.0754319350128716
europe,11,1.1005108196685984,1.1111226921287458,-1.0611872460147387
europe,12,1.1008411686196702,1.11133840939462,-1.0497240774949734
europe,13,1.1011223497805493,1.1115248786042888,-1.0402528823739488
europe,14,1.1013675021848057,1.1116897200623153,-1.0322217877509532
europe,15,1.1015858380690888,1.1118382843033259,-1.0252446234237045
europe,16,1.1017838321217461,1.1119743392677963,-1.0190507146050187
europe,17,1.1019660504661204,1.1121005492836853,-1.0134498817564896
europe,18,1.1021357282842972,1.1122188088134675,-1.0083080529170285
europe,19,1.1022951721945056,1.1123304749532916,-1.0035302758786058
europe,20,1.1024460405098477,1.1124365293810878,-0.99904888712401
europe,21,1.1025895384296025,1.1125376911591325,-0.994815272952998
europe,22,1.1027265539870361,1.1126344953094554,-0.9907941322419234
europe,23,1.102857752744897,1.1127273475553312,-0.9869594810434146
europe,24,1.1029836437691494,1.1128165624676747,-0.9832918698525317
europe,25,1.1031046256064827,1.112902390057134,-0.9797764450651281
europe,26,1.103221018340695,1.1129850343216623,-0.9764015980967322
europe,27,1.103333085957282,1.1130646661930845,-0.9731580235802451
europe,28,1.103441051960382,1.1131414325837434,-0.9700380623361538
europe,29,1.1035451102915017,1.1132154627174358,-0.9670352425934059
europe,30,1.1036454329765808,1.1132868725689455,-0.9641439592364742
east_asia,1,1.0200971860164658,1.0245116998890251,-0.44145138725593114
east_asia,2,1.029191485012642,1.026483618216817,0.2707866795824909
east_asia,3,1.0301318100201136,1.026669113033056,0.34626969870574786
east_asia,4,1.0303083357442993,1.0267370945126078,0.3571241231691502
east_asia,5,1.0304052647695936,1.0267830766417718,0.36221881278217793
east_asia,6,1.0304725769033602,1.0268171832453439,0.36553936580163704
east_asia,7,1.0305210925119457,1.0268433333173392,0.3677759194606445
east_asia,8,1.0305568817933335,1.0268640193146004,0.36928624787331277
east_asia,9,1.0305839793129146,1.0268809185158194,0.3703060797095148
east_asia,10,1.030605107740857,1.026895165658885,0.3709942081971951
east_asia,11,1.030622107363237,1.0269075296369898,0.3714577726247059
east_asia,12,1.0306362230813342,1.0269185324223589,0.37176906589753145
east_asia,13,1.0306482980278695,1.0269285293164676,0.3719768711401894
east_asia,14,1.0306589042289653,1.0269377630982968,0.37211411306685704
east_asia,15,1.030668430758931,1.0269464005534423,0.372203020548878
east_asia,16,1.0306771432045465,1.0269545571142913,0.372258609025522
east_asia,17,1.0306852237715087,1.0269623134800112,0.37229102914975165
east_asia,18,1.030692798333197,1.0269697268271656,0.3723071506031461
east_asia,19,1.0306999546729607,1.026976838372302,0.3723116300658802
east_asia,20,1.0307067547877193,1.0269836784745185,0.37230763132007905
east_asia,21,1.0307132431870636,1.0269902700791975,0.37229731078660677
east_asia,22,1.0307194524922003,1.0269966310431624,0.3722821449037905
east_asia,23,1.030725407214262,1.0270027757055586,0.37226315087033335
east_asia,24,1.0307311263050165,1.0270087159500725,0.3722410354944028
east_asia,25,1.03073662487981,1.0270144619241077,0.37221629557022684
east_asia,26,1.0307419153823332,1.0270200225265735,0.3721892855759634
east_asia,27,1.030747008372959,1.0270254057395731,0.37216026333859453
east_asia,28,1.030751913063195,1.0270306188547458,0.3721294208449244
east_asia,29,1.030756637678865,1.0270356686284978,0.3720969050367229
east_asia,30,1.0307611897077276,1.0270405613891882,0.3720628318539365
south_asia,1,1.0644836962318673,1.0486943365467478,1.578935968511952
south_asia,2,1.0645548055070029,1.0827568048385914,-1.8201999331588503
south_asia,3,1.0712525656185554,1.0852513902033705,-1.399882458481505
south_asia,4,1.0736642673087442,1.086475984273566,-1.2811716964821862
south_asia,5,1.0753350464662628,1.087380131099549,-1.204508463328624
south_asia,6,1.076561652969963,1.0880493341558743,-1.1487681185911258
south_asia,7,1.077475106585672,1.088552286872574,-1.1077180286902077
south_asia,8,1.078167717102368,1.0889379198431246,-1.0770202740756574
south_asia,9,1.0787041516014038,1.0892404114882759,-1.0536259886872124
south_asia,10,1.079129574507822,1.0894836093928566,-1.0354034885034613
south_asia,11,1.0794755114153989,1.08968415507788,-1.0208643662481087
south_asia,12,1.0797639750004766,1.0898536714613096,-1.008969646083302
south_asia,13,1.080010353205543,1.0900002898497512,-0.9989936644208219
south_asia,14,1.080225424881288,1.0901297136474184,-0.9904288766130476
south_asia,15,1.0804167636056254,1.0902459582720143,-0.9829194666388874
south_asia,16,1.0805897140435212,1.0903518653415771,-0.976215129805591
south_asia,17,1.0807480703889103,1.0904494597714134,-0.970138938250309
south_asia,18,1.0808945475201517,1.0905401976802571,-0.9645650160105435
south_asia,19,1.0810311080941029,1.0906251384624919,-0.9594030368389017
south_asia,20,1.0811591895977604,1.0907050642228555,-0.9545874625095152
south_asia,21,1.0812798619629582,1.0907805626885294,-0.9500700725571187
south_asia,22,1.081393937003562,1.0908520847861387,-0.9458147782576809
south_asia,23,1.0815020444329813,1.0909199846467619,-0.9417940213780618
south_asia,24,1.0816046847019525,1.0909845474240105,-0.9379862722058041
south_asia,25,1.0817022657595239,1.0910460086597935,-0.9343742900269625
south_asia,26,1.0817951286631535,1.0911045677873972,-0.9309439124243646
south_asia,27,1.081883565453551,1.0911603975673594,-0.9276832113808364
south_asia,28,1.0819678316624637,1.09121365070095,-0.9245819038486314
south_asia,29,1.082048155095296,1.091264464484255,-0.921630938895901
south_asia,30,1.0821247420268794,1.091312964101182,-0.9188222074302699
southeast_asia,1,1.0546995701665056,1.0580872638738372,-0.3387693707331607
southeast_asia,2,1.0521757222458838,1.0653269664965095,-1.3151244250625638
southeast_asia,3,1.0554041501799887,1.0672871340279477,-1.188298384795905
southeast_asia,4,1.0576690814287184,1.068603128931429,-1.0934047502710653
southeast_asia,5,1.0593445467605698,1.0695856738362426,-1.0241127075672818
southeast_asia,6,1.0606032630306863,1.0703347971748516,-0.9731534144165277
southeast_asia,7,1.0615634438155355,1.0709167464595997,-0.9353302644064199
southeast_asia,8,1.0623092732876158,1.0713783734151052,-0.9069100127489405
southeast_asia,9,1.0629006754566381,1.0717529050508279,-0.8852229594189742
southeast_asia,10,1.063380229764213,1.072063902635114,-0.8683672870900994
southeast_asia,11,1.0637781661103434,1.0723280810986784,-0.8549914988335017
southeast_asia,12,1.064115948881612,1.0725573132742101,-0.8441364392598016
southeast_asia,13,1.0644088338851712,1.0727600505983335,-0.8351216713162302
southeast_asia,14,1.0646676852576595,1.0729423280963604,-0.827464283870083
southeast_asia,15,1.064900262976547,1.0731084742817203,-0.8208211305173352
southeast_asia,16,1.0651121334992033,1.0732616121295413,-0.8149478630337992
southeast_asia,17,1.065307313013657,1.0734040123892696,-0.8096699375612637
southeast_asia,18,1.065488721422329,1.0735373426652308,-0.8048621242901843
southeast_asia,19,1.0656585025738594,1.0736628429845498,-0.8004340410690425
southeast_asia,20,1.065818250081972,1.0737814495490974,-0.7963199467125426
southeast_asia,21,1.0659691665526756,1.0738938819793666,-0.7924715426691042
southeast_asia,22,1.0661121758683998,1.0740007048426095,-0.7888528974209663
southeast_asia,23,1.0662480023922811,1.0741023710700615,-0.7854368677780332
southeast_asia,24,1.0663772268671896,1.0741992526200215,-0.7822025752831863
southeast_asia,25,1.0665003258979688,1.074291662159085,-0.7791336261116166
southeast_asia,26,1.0666176998697525,1.0743798684175663,-0.7762168547813753
southeast_asia,27,1.0667296927203351,1.074464107088939,-0.7734414368603781
southeast_asia,28,1.0668366059735466,1.0745445885896008,-0.770798261605421
southeast_asia,29,1.0669387087284268,1.0746215036055229,-0.7682794877096111
southeast_asia,30,1.0670362447974604,1.0746950270780131,-0.7658782280552723
latin_america,1,1.0367430396134487,1.032660297129003,0.4082742484445623
latin_america,2,1.0329625024347024,1.0436436275194232,-1.0681125084720744
latin_america,3,1.0350371764869968,1.0454860083723128,-1.044883188531598
latin_america,4,1.0367234753784915,1.0466931212197927,-0.9969645841301222
latin_america,5,1.0379936399122176,1.047599838303237,-0.9606198391019394
latin_america,6,1.0389584260939642,1.048293058566379,-0.9334632472414839
latin_america,7,1.0397013711908447,1.0488314317480032,-0.9130060557158481
latin_america,8,1.0402829144680936,1.04925707617185,-0.8974161703756423
latin_america,9,1.0407466377323404,1.0496002825754176,-0.8853644843077157
latin_america,10,1.041123929398961,1.0498828323760725,-0.8758902977111571
latin_america,11,1.041437387659693,1.050120394042997,-0.8683006383304104
latin_america,12,1.0417032877685417,1.0503242497205867,-0.8620961952044981
latin_america,13,1.0419333634472168,1.0505025364466194,-0.856917299940263
latin_america,14,1.0421360893866454,1.0506611369735768,-0.85250475869314
latin_america,15,1.0423176027136212,1.050804318382392,-0.8486715668770906
latin_america,16,1.0424823641292524,1.0509351895346761,-0.8452825405423692
latin_america,17,1.0426336318080422,1.0510560285847468,-0.8422396776704533
latin_america,18,1.0427738008658871,1.0511685173862668,-0.8394716520379708
latin_america,19,1.0429046464328686,1.0512739092349677,-0.8369262802099042
latin_america,20,1.04302749766632,1.0513731489039324,-0.8345651237612328
latin_america,21,1.0431433623188593,1.051466958549468,-0.8323596230608743
latin_america,22,1.0432530159203848,1.0515558992068395,-0.8302883286454676
latin_america,23,1.0433570656429703,1.0516404148298413,-0.8283349186871014
latin_america,24,1.04345599605588,1.0517208638480027,-0.8264867792122654
latin_america,25,1.0435502019274785,1.051797541798124,-0.824733987064552
latin_america,26,1.0436400117626468,1.051870697573045,-0.8230685810398208
latin_america,27,1.0437257047136344,1.0519405451055912,-0.8214840391956857
latin_america,28,1.0438075227505914,1.0520072717871847,-0.8199749036593262
latin_america,29,1.0438856794404414,1.0520710445500727,-0.8185365109631304
latin_america,30,1.043960366298303,1.052132014277165,-0.8171647978862051
sub_saharan_africa,1,1.0535386983302817,1.0501726858946898,0.33660124355918697
sub_saharan_africa,2,1.0394873205004977,1.0582773578169749,-1.8790037316477104
sub_saharan_africa,3,1.0437426786859094,1.0618289211373122,-1.8086242451402779
sub_saharan_africa,4,1.0472931644137844,1.0645249616014825,-1.7231797187698072
sub_saharan_africa,5,1.0500793470307768,1.0666489981759095,-1.6569651145132758
sub_saharan_africa,6,1.0522829270418432,1.068343494365633,-1.6060567323789687
sub_saharan_africa,7,1.0540471185707818,1.0697133285549765,-1.5666209984194657
sub_saharan_africa,8,1.055479359521766,1.0708370853141103,-1.535772579234429
sub_saharan_africa,9,1.0566599830394954,1.0717736078359252,-1.5113624796429859
sub_saharan_africa,10,1.0576490078043503,1.0725669245495002,-1.4917916745149862
sub_saharan_africa,11,1.0584912691029706,1.0732499747393551,-1.4758705636384484
sub_saharan_africa,12,1.0592202735295984,1.07384741319243,-1.462713966283169
sub_saharan_africa,13,1.0598610850202874,1.0743777137960815,-1.4516628775794072
sub_saharan_africa,14,1.0604324804497298,1.0748547430602209,-1.4422262610491066
sub_saharan_africa,15,1.0609485568702193,1.0752889348054264,-1.434037793520715
sub_saharan_africa,16,1.061419928391872,1.0756881658401978,-1.4268237448325838
sub_saharan_africa,17,1.061854616680493,1.0760584080557283,-1.4203791375235308
sub_saharan_africa,18,1.06225871308684,1.0764042136628553,-1.414550057601538
sub_saharan_africa,19,1.0626368707645777,1.0767290760824177,-1.4092205317840056
sub_saharan_africa,20,1.0629926703347923,1.077035698267331,-1.4043027932538754
sub_saharan_africa,21,1.0633288915566175,1.0773261921670414,-1.3997300610423924
sub_saharan_africa,22,1.0636477151646024,1.0776022270010859,-1.395451183648344
sub_saharan_africa,23,1.063950872840764,1.0778651394916101,-1.3914266650846052
sub_saharan_africa,24,1.06423975867533,1.0781160158351695,-1.3876257159839422
sub_saharan_africa,25,1.064515512036346,1.0783557526839,-1.3840240647553959
sub_saharan_africa,26,1.0647790792149099,1.0785851025378508,-1.3806023322940897
sub_saharan_africa,27,1.0650312593151918,1.0788047075608325,-1.377344824564064
sub_saharan_africa,28,1.0652727384488512,1.0790151247994069,-1.374238635055569
sub_saharan_africa,29,1.0655041152467677,1.0792168450172634,-1.3712729770495757
sub_saharan_africa,30,1.0657259199239704,1.0794103067873442,-1.368438686337381
fsu_central_asia,1,1.091627117263009,1.103810470133412,-1.2183352870402953
fsu_central_asia,2,1.0844256068577904,1.1144526528346586,-3.0027045976868116
fsu_central_asia,3,1.091250633056454,1.1190611945526026,-2.781056149614858
fsu_central_asia,4,1.096555657467143,1.1224261065096204,-2.5870449042477484
fsu_central_asia,5,1.1005485947530271,1.1249731271864722,-2.442453243344511
fsu_central_asia,6,1.1035786977811157,1.126926051518761,-2.3347353737645182
fsu_central_asia,7,1.1059065361519567,1.1284456208493194,-2.2539084697362766
fsu_central_asia,8,1.1077221226343157,1.1296486231043446,-2.1926500470028865
fsu_central_asia,9,1.1091634723502937,1.1306197614326612,-2.145628908236752
fsu_central_asia,10,1.1103306148653929,1.1314203791372455,-2.1089764271852607
fsu_central_asia,11,1.1112959555915516,1.1320948675166298,-2.079891192507821
fsu_central_asia,12,1.1121118727964738,1.1326753450070408,-2.056347221056698
fsu_central_asia,13,1.1128162564022215,1.1331850594499044,-2.036880304768296
fsu_central_asia,14,1.1134365303789995,1.133640854418201,-2.020432403920158
fsu_central_asia,15,1.113992565858776,1.134054953204281,-2.006238734550503
fsu_central_asia,16,1.1144987867860037,1.1344362472555494,-1.9937460469545698
fsu_central_asia,17,1.1149656898306748,1.134791225690672,-1.9825535859997245
fsu_central_asia,18,1.115400940438448,1.135124645361247,-1.9723704922798957
fsu_central_asia,19,1.1158101626863495,1.135440013620345,-1.9629850933995607
fsu_central_asia,20,1.1161975082185591,1.1357399360238711,-1.9542427805312013
fsu_central_asia,21,1.1165660659278935,1.1360263666973456,-1.9460300769452044
fsu_central_asia,22,1.1169181569077993,1.1363007885955465,-1.9382631687747232
fsu_central_asia,23,1.11725554678828,1.1365643432846368,-1.930879649635675
fsu_central_asia,24,1.1175795985993735,1.136817924389599,-1.9238325790225552
fsu_central_asia,25,1.1178913828320316,1.137062244891986,-1.917086205995444
fsu_central_asia,26,1.1181917566984716,1.1372978856102696,-1.910612891179797
fsu_central_asia,27,1.1184814212308318,1.1375253301401118,-1.9043908909279983
fsu_central_asia,28,1.1187609624348196,1.1377449900521497,-1.898402761733009
fsu_central_asia,29,1.1190308809713874,1.137957223079741,-1.8926342108353644
fsu_central_asia,30,1.1192916135844635,1.138162346262525,-1.8870732678061497
