region,soc_pct_of_regional_mean,yield_change_pct,margin_change_pct,fert_change_pct
latin_america,10,-2.6311,-2.5309,-18.4743
latin_america,15,-2.5600,-2.4270,-18.4743
latin_america,20,-2.4911,-2.3267,-18.4743
latin_america,25,-2.4246,-2.2297,-18.4743
latin_america,30,-2.3602,-2.1359,-18.4743
latin_america,35,-2.2978,-2.0452,-18.4743
latin_america,40,-2.2375,-1.9575,-18.4743
latin_america,45,-2.1791,-1.8726,-18.4743
latin_america,50,-2.1225,-1.7905,-18.4743
latin_america,55,-2.0677,-1.7109,-18.4743
latin_america,60,-2.0145,-1.6338,-18.4743
latin_america,65,-1.9630,-1.5592,-18.4743
latin_america,70,-1.9131,-1.4868,-18.4743
latin_america,75,-1.8646,-1.4167,-18.4743
latin_america,80,-1.8176,-1.3487,-18.4743
latin_america,85,-1.7720,-1.2828,-18.4743
latin_america,90,-1.7277,-1.2189,-18.4743
latin_america,95,-1.6847,-1.1569,-18.4743
latin_america,100,-1.6430,-1.0967,-18.4743
latin_america,105,-1.6025,-1.0383,-18.4743
latin_america,110,-1.5631,-0.9816,-18.4743
latin_america,115,-1.5248,-0.9266,-18.4743
latin_america,120,-1.4876,-0.8732,-18.4743
latin_america,125,-1.4515,-0.8214,-18.4743
latin_america,130,-1.4163,-0.7710,-18.4743
latin_america,135,-1.3822,-0.7221,-18.4743
latin_america,140,-1.3489,-0.6746,-18.4743
latin_america,145,-1.3166,-0.6284,-18.4743
latin_america,150,-1.2852,-0.5835,-18.4743
latin_america,155,-1.2546,-0.5398,-18.4743
latin_america,160,-1.2248,-0.4973,-18.4743
latin_america,165,-1.1958,-0.4560,-18.4743
latin_america,170,-1.1676,-0.4158,-18.4743
latin_america,175,-1.1401,-0.3767,-18.4743
latin_america,180,-1.1134,-0.3387,-18.4743
latin_america,185,-1.0873,-0.3016,-18.4743
latin_america,190,-1.0620,-0.2656,-18.4743
latin_america,195,-1.0373,-0.2305,-18.4743
latin_america,200,-1.0132,-0.1963,-18.4743
north_america,10,-2.9524,-3.8500,-12.5565
north_america,15,-2.8420,-3.6824,-12.5565
north_america,20,-2.7365,-3.5223,-12.5565
north_america,25,-2.6355,-3.3693,-12.5565
north_america,30,-2.5389,-3.2229,-12.5565
north_america,35,-2.4464,-3.0828,-12.5565
north_america,40,-2.3578,-2.9487,-12.5565
north_america,45,-2.2729,-2.8203,-12.5565
north_america,50,-2.1915,-2.6972,-12.5565
north_america,55,-2.1135,-2.5793,-12.5565
north_america,60,-2.0386,-2.4662,-12.5565
north_america,65,-1.9667,-2.3578,-12.5565
north_america,70,-1.8976,-2.2537,-12.5565
north_america,75,-1.8313,-2.1539,-12.5565
north_america,80,-1.7676,-2.0581,-12.5565
north_america,85,-1.7064,-1.9661,-12.5565
north_america,90,-1.6475,-1.8778,-12.5565
north_america,95,-1.5909,-1.7929,-12.5565
north_america,100,-1.5365,-1.7114,-12.5565
north_america,105,-1.4841,-1.6332,-12.5565
north_america,110,-1.4337,-1.5581,-12.5565
north_america,115,-1.3851,-1.4860,-12.5565
north_america,120,-1.3384,-1.4166,-12.5565
north_america,125,-1.2933,-1.3500,-12.5565
north_america,130,-1.2500,-1.2859,-12.5565
north_america,135,-1.2082,-1.2243,-12.5565
north_america,140,-1.1679,-1.1650,-12.5565
north_america,145,-1.1291,-1.1079,-12.5565
north_america,150,-1.0917,-1.0529,-12.5565
north_america,155,-1.0556,-0.9999,-12.5565
north_america,160,-1.0207,-0.9488,-12.5565
north_america,165,-0.9872,-0.8996,-12.5565
north_america,170,-0.9548,-0.8522,-12.5565
north_america,175,-0.9235,-0.8064,-12.5565
north_america,180,-0.8933,-0.7623,-12.5565
north_america,185,-0.8642,-0.7198,-12.5565
north_america,190,-0.8361,-0.6787,-12.5565
north_america,195,-0.8090,-0.6391,-12.5565
north_america,200,-0.7827,-0.6008,-12.5565
south_asia,10,-3.0890,-5.5657,-23.7407
south_asia,15,-3.0737,-5.5366,-23.7407
south_asia,20,-3.0585,-5.5076,-23.7407
south_asia,25,-3.0433,-5.4788,-23.7407
south_asia,30,-3.0283,-5.4501,-23.7407
south_asia,35,-3.0133,-5.4216,-23.7407
south_asia,40,-2.9984,-5.3932,-23.7407
south_asia,45,-2.9836,-5.3650,-23.7407
south_asia,50,-2.9689,-5.3370,-23.7407
south_asia,55,-2.9542,-5.3091,-23.7407
south_asia,60,-2.9397,-5.2813,-23.7407
south_asia,65,-2.9252,-5.2537,-23.7407
south_asia,70,-2.9108,-5.2263,-23.7407
south_asia,75,-2.8965,-5.1989,-23.7407
south_asia,80,-2.8822,-5.1718,-23.7407
south_asia,85,-2.8680,-5.1447,-23.7407
south_asia,90,-2.8539,-5.1179,-23.7407
south_asia,95,-2.8399,-5.0911,-23.7407
south_asia,100,-2.8260,-5.0645,-23.7407
south_asia,105,-2.8121,-5.0381,-23.7407
south_asia,110,-2.7983,-5.0119,-23.7407
south_asia,115,-2.7846,-4.9859,-23.7407
south_asia,120,-2.7710,-4.9602,-23.7407
south_asia,125,-2.7574,-4.9346,-23.7407
south_asia,130,-2.7439,-4.9093,-23.7407
south_asia,135,-2.7305,-4.8842,-23.7407
south_asia,140,-2.7171,-4.8593,-23.7407
south_asia,145,-2.7039,-4.8346,-23.7407
south_asia,150,-2.6907,-4.8100,-23.7407
south_asia,155,-2.6775,-4.7857,-23.7407
south_asia,160,-2.6645,-4.7616,-23.7407
south_asia,165,-2.6515,-4.7377,-23.7407
south_asia,170,-2.6385,-4.7139,-23.7407
south_asia,175,-2.6257,-4.6904,-23.7407
south_asia,180,-2.6129,-4.6670,-23.7407
south_asia,185,-2.6002,-4.6438,-23.7407
south_asia,190,-2.5875,-4.6208,-23.7407
south_asia,195,-2.5749,-4.5980,-23.7407
south_asia,200,-2.5624,-4.5753,-23.7407
sub_saharan_africa,10,-4.8227,-1.6064,-29.1776
sub_saharan_africa,15,-4.7215,-1.4660,-29.1776
sub_saharan_africa,20,-4.6237,-1.3307,-29.1776
sub_saharan_africa,25,-4.5293,-1.2002,-29.1776
sub_saharan_africa,30,-4.4380,-1.0741,-29.1776
sub_saharan_africa,35,-4.3497,-0.9524,-29.1776
sub_saharan_africa,40,-4.2642,-0.8347,-29.1776
sub_saharan_africa,45,-4.1815,-0.7209,-29.1776
sub_saharan_africa,50,-4.1014,-0.6108,-29.1776
sub_saharan_africa,55,-4.0238,-0.5042,-29.1776
sub_saharan_africa,60,-3.9485,-0.4009,-29.1776
sub_saharan_africa,65,-3.8755,-0.3008,-29.1776
sub_saharan_africa,70,-3.8046,-0.2038,-29.1776
sub_saharan_africa,75,-3.7359,-0.1097,-29.1776
sub_saharan_africa,80,-3.6691,-0.0184,-29.1776
sub_saharan_africa,85,-3.6042,0.0702,-29.1776
sub_saharan_africa,90,-3.5411,0.1562,-29.1776
sub_saharan_africa,95,-3.4798,0.2399,-29.1776
sub_saharan_africa,100,-3.4201,0.3211,-29.1776
sub_saharan_africa,105,-3.3621,0.4001,-29.1776
sub_saharan_africa,110,-3.3056,0.4770,-29.1776
sub_saharan_africa,115,-3.2506,0.5518,-29.1776
sub_saharan_africa,120,-3.1970,0.6245,-29.1776
sub_saharan_africa,125,-3.1448,0.6954,-29.1776
sub_saharan_africa,130,-3.0939,0.7644,-29.1776
sub_saharan_africa,135,-3.0444,0.8316,-29.1776
sub_saharan_africa,140,-2.9960,0.8972,-29.1776
sub_saharan_africa,145,-2.9488,0.9610,-29.1776
sub_saharan_africa,150,-2.9028,1.0233,-29.1776
sub_saharan_africa,155,-2.8579,1.0841,-29.1776
sub_saharan_africa,160,-2.8140,1.1434,-29.1776
sub_saharan_africa,165,-2.7712,1.2012,-29.1776
sub_saharan_africa,170,-2.7293,1.2577,-29.1776
sub_saharan_africa,175,-2.6885,1.3128,-29.1776
sub_saharan_africa,180,-2.6485,1.3667,-29.1776
sub_saharan_africa,185,-2.6095,1.4193,-29.1776
sub_saharan_africa,190,-2.5713,1.4708,-29.1776
sub_saharan_africa,195,-2.5340,1.5210,-29.1776
sub_saharan_africa,200,-2.4975,1.5702,-29.1776
