id,country,lat,lon,elev,SOC_pct,A_control,B_gain,C_base,ceiling,k_perkgN,citation
Ken_Vih_i-mBean_1986-91_N,Kenya,0.08,34.72,1575,17,0.5,0.14,0.9,0.64,0.10536051565782628,B. O. Mochoge. FERTILIZER TRIAL RESULTS OF MAIZE AND MAIZE-B
Ken_Mau_i-mBean_1986-91_N,Kenya,-0.17,35.62,2320,25,0.22,0.06,0.95,0.28,0.05129329438755058,B. O. Mochoge. FERTILIZER TRIAL RESULTS OF MAIZE AND MAIZE-B
Ken_Ol _i-mBean_1986-91_N,Kenya,-0.072,36.38,2390,27,0.6,0,0.0001,0.6,9.210340371976182,B. O. Mochoge. FERTILIZER TRIAL RESULTS OF MAIZE AND MAIZE-B
Ken_Mum_i-mBean_1989_N,Kenya,0.341,34.4827,1310,-9,0.18,0.09,0.94,0.27,0.06187540371808753,FURP
Ken_Mum_i-mBean_1991_N,Kenya,0.343,34.482,1270,-9,0.39,0.11,0.97,0.5,0.030459207484708574,FURP
Ken_Ota_i-mBean_1986-91_N,Kenya,-0.7166,34.7618,1770,30,0.863,0.03,0.95,0.893,0.05129329438755058,B. O. Mochoge. FERTILIZER TRIAL RESULTS OF MAIZE AND MAIZE-B
Ken_Vih_i-mBean_1986-91_N,Kenya,0.08,34.72,1575,17,0.496,0.067,0.974,0.563,0.026343975339601977,B. O. Mochoge. FERTILIZER TRIAL RESULTS OF MAIZE AND MAIZE-B
Ken_Vih_i-mBean_1989_N,Kenya,0.09263,34.7231,1600,-9,2.36,0,0.0001,2.36,9.210340371976182,FURP
Ken_Vih_i-mBean_1990_N,Kenya,0.09189,34.7185,1600,-9,2.63,0.63,0.83,3.26,0.18632957819149348,FURP
Ken_Vih_i-mBean_1988_N,Kenya,0.0759,34.72,1620,-9,2.43,0.43,0.81,2.8600000000000003,0.21072103131565253,FURP
Ken_Bar_i-mBean_1989_N,Kenya,0.2326,35.096,2000,-9,0.83,0.02,0.88,0.85,0.12783337150988489,FURP
Ken_Bar_i-mBean_1991_N,Kenya,0.2326,35.096,2000,-9,0.31,0.1,0.85,0.41000000000000003,0.16251892949777494,FURP
Ken_Vih_i-mBean_1988_N,Kenya,0.0759,34.72,1620,-9,2.57,0,0.0001,2.57,9.210340371976182,FURP
Ken_Vih_i-mBean_1990_N,Kenya,0.09189,34.7185,1600,-9,0.53,0,0.0001,0.53,9.210340371976182,FURP
Ken_Mum_i-mBean_1988_N,Kenya,0.343,34.482,1270,-9,0.1,0.07,0.928,0.17,0.07472354619593642,FURP
Ken_Mum_i-mBean_1988_N,Kenya,0.343,34.482,1270,-9,0.16,0.07,0.88,0.23,0.12783337150988489,FURP
Ken_Vih_i-mBean_1989_N,Kenya,0.09263,34.7231,1600,-9,0.57,0,0.0001,0.57,9.210340371976182,FURP
Ken_Vih_i-mBean_1990_N,Kenya,0.09189,34.7185,1600,-9,0.53,0,0.0001,0.53,9.210340371976182,FURP
Nig_Mar_i-mGrou_2014_N,Niger,13.457478,7.101419,339,-9,0.501,0.149,0.97,0.65,0.030459207484708574,"Tarfa, B.D., N. Maman, K. Ouattara, and C. Wortmann. 2017. G"
Rwa_Bug_Maiz_2015_N,Rwanda,-2.239243,30.066705,1369,-9,5.753,1.222,0.872,6.975,0.13696585507315742,"Wortmann, C., C. Senkoro, A.R. Cyamweshi, C. Kibunja, D. Nko"
Uga_Abo_Maiz_2010_N,Uganda,2.25,32.333,1070,-9,5.653,0.332,0.928,5.984999999999999,0.07472354619593642,"Kaizzi et al data; Kaizzi, C.K., J. Byalebeka, O. Semalulu, "
Uga_Tor_Maiz_2010_N,Uganda,0.75,34.235,1210,15,4.822,1.7,0.8,6.522,0.2231435513142097,"Kaizzi et al data; Kaizzi, C.K., J. Byalebeka, O. Semalulu, "
Uga_Abo_Maiz_2011_N,Uganda,2.25,32.333,1070,-9,4.934,0.478,0.927,5.412,0.07580171341628185,"Kaizzi et al data; Kaizzi, C.K., J. Byalebeka, O. Semalulu, "
Uga_Abo_Maiz_2011_N,Uganda,2.25,32.333,1070,-9,5.049,0.704,0.927,5.753,0.07580171341628185,"Kaizzi et al data; Kaizzi, C.K., J. Byalebeka, O. Semalulu, "
Uga_Kaw_Maiz_2011_N,Uganda,0.75,32.533,1170,15,3.266,0.322,0.928,3.588,0.07472354619593642,"Kaizzi et al data; Kaizzi, C.K., J. Byalebeka, O. Semalulu, "
Tan_Mav_Maiz_2014_N,Tanzania,-5.137774,38.8519,190,-9,4.4,0,0.0001,4.4,9.210340371976182,"Wortmann, C., C. Senkoro, A.R. Cyamweshi, C. Kibunja, D. Nko"
Zam_Mt._Maiz_2014_N,Zambia,-15.54789,28.25141,1220,-9,4,0.33,0.9,4.33,0.10536051565782628,"Wortmann, C., C. Senkoro, A.R. Cyamweshi, C. Kibunja, D. Nko"
Mal_Sam_Maiz_2014_N,Mali,12.53831,-8.070034,329,-9,4.238,0.48,0.81,4.718,0.21072103131565253,"Maman, N., L. Traoré, M. Garba; M.K. Dicko, A. Gonda, and C."
Mal_Bou_Maiz_2014_N,Mali,11.387371,-7.47747,329,-9,6.5,0,0.0001,6.5,9.210340371976182,"Maman, N., L. Traoré, M. Garba; M.K. Dicko, A. Gonda, and C."
Mal_Dio_Maiz_2014_N,Mali,12.694073,-7.013905,309,-9,2.846,0.7,0.8,3.5460000000000003,0.2231435513142097,"Maman, N., L. Traoré, M. Garba; M.K. Dicko, A. Gonda, and C."
Mal_Sam_Maiz_2014_N,Mali,12.53831,-8.070034,329,-9,4.716,0,0.0001,4.716,9.210340371976182,"Maman, N., L. Traoré, M. Garba; M.K. Dicko, A. Gonda, and C."
Nig_Den_Maiz_1983_N,Nigeria,8.9,10,180,6,4.111,0.15,0.929,4.261,0.07364654016829848,Uyovbisere E.O. & G. Lombin. 1990.Response of early maturing
Nig_Ilo_Maiz_1983_N,Nigeria,8.482,4.6579,310,6,4.18,0.34,0.928,4.52,0.07472354619593642,Uyovbisere E.O. & G. Lombin. 1990.Response of early maturing
Nig_Kaf_Maiz_1983_N,Nigeria,11.9,8.1,540,6,2.65,0.332,0.9,2.9819999999999998,0.10536051565782628,Uyovbisere E.O. & G. Lombin. 1990.Response of early maturing
Nig_Tum_Maiz_1983_N,Nigeria,10,10.9,470,6,4.64,0.68,0.928,5.319999999999999,0.07472354619593642,Uyovbisere E.O. & G. Lombin. 1990.Response of early maturing
Nig_Ilo_Maiz_1983_N,Nigeria,8.482,4.6579,310,6,4.116,-0.739,0.9,3.377,0.10536051565782628,Uyovbisere E.O. & G. Lombin. 1990.Response of early maturing
Nig_Ilo_Maiz_1983_N,Nigeria,8.482,4.6579,310,6,3.343,0.385,0.928,3.7279999999999998,0.07472354619593642,Uyovbisere E.O. & G. Lombin. 1990.Response of early maturing
Eth_Bak_Maiz_1989-95_N,Ethiopia,9.13,37.83,1650,-9,4.805,1.131,0.967,5.936,0.033556783528842754,"Tolessa Debele,: N,P fertilizer trail on Gutto and BH-140 ma"
Eth_Bak_Maiz_1989-95_N,Ethiopia,9.13,37.83,1650,-9,6.037,1.639,0.974,7.676,0.026343975339601977,"Tolessa Debele,: N,P fertilizer trail on Gutto and BH-140 ma"
Gha_Eju_Maiz_2008_N,Ghana,7.367,-1.32,110,-9,4.408,2.8,0.984,7.208,0.016129381929883644,"Fosu-Mensah, B.Y., D.S. MacCarthy, P.L.G. Vlek, E.Y. Safo. 2"
Ken_Mwe_Maiz_1990_N,Kenya,-0.67,37.5,1150,-9,2.288,0.822,0.961,3.11,0.0397808700118446,"F.K. Kanampiu, E. Njiru, N. Njakuthi, I. N. Mwangi, C.N.  Mu"
Ken_Mal_Maiz_1992_N,Kenya,0.441,34.854,1595,-9,3.2,0.8,0.8,4.0,0.2231435513142097," J.R. Okalebo, H.F. Schnier, J.K. Lekasi, A.K. Ingavo, P.M. "
Ken_Bar_Maiz_1988_N,Kenya,0.2326,35.096,2000,-9,4.61,0.62,0.87,5.23,0.13926206733350766,FURP
Ken_Bar_Maiz_1990_N,Kenya,0.2326,35.096,2000,-9,4.71,0.31,0.87,5.02,0.13926206733350766,FURP
Ken_Mau_Maiz_1990_N,Kenya,-0.0843,36.651,2530,-9,5,0,0.0001,5.0,9.210340371976182,FURP
Ken_Che_Maiz_1988_N,Kenya,-0.655,35.17,1840,-9,9,0,0.0001,9.0,9.210340371976182,FURP
Mal_Chi_Maiz_1989_N,Malawi,-15.35,35.38,820,-9,8.32,1.02,0.95,9.34,0.05129329438755058,Mughogho SK. 1991. Fertilizer recommendations for small scal
Mal_Chi_Maiz_1989_N,Malawi,-15.35,35.38,820,-9,7.23,2.77,0.98,10.0,0.020202707317519466,Mughogho SK. 1991. Fertilizer recommendations for small scal
Mal_Mer_Maiz_1986-87_N,Malawi,-9.76,33.36,1270,-9,5.627,4.537,0.984,10.164,0.016129381929883644,"Kumwenda, JDT, VH Kabambe, WD Sakala, LDM Ngwira. Effects of"
Nig_Bau_Maiz_1996_N,Nigeria,10.02,9.78,830,-9,2.335,1.773,0.937,4.108,0.0650719967437148,"Carsky RJ, Oyewole B, Tian G (1999) Integrated soil manageme"
Nig_Aku_Maiz_??_N,Nigeria,7.25,5.19,380,20,7.179,4.07,0.994,11.249,0.006018072325563021,"Onasanya, R. O.; Aiyelari, O. P.; Onasanya, A.; Oikeh, S.; N"
Nig_Kad_Maiz_1995-96_N,Nigeria,10.66,7.7,540,7,2.597,1.77,0.967,4.367,0.033556783528842754,"CARSKY R.J., OYEWOLE B., TIAN G., 1999. Integrated soil mana"
Tan_S2-_Maiz_1997_N,Tanzania,-5.14,38.87,80,-9,3.5,1.95,0.94,5.45,0.06187540371808753,Jeremias G. Mowo. Effectiveness of Phosphate Rock on Ferrals
Tan_S3-_Maiz_1997_N,Tanzania,-5.13,38.88,80,-9,1.6,0.4,0.9,2.0,0.10536051565782628,Jeremias G. Mowo. Effectiveness of Phosphate Rock on Ferrals
Tan_Mbu_Maiz_ 1984-85_N,Tanzania,-3.84,35.5,1800,-9,9,0.3,0.98,9.3,0.020202707317519466,ND
Tan_Mbe_Maiz_1982-86_N,Tanzania,-8.91,33.54,1825,-9,4.386,1.85,0.967,6.236000000000001,0.033556783528842754,data- Tanzania.xlsx
Tan_Mbe_Maiz_1982-86_N,Tanzania,-8.91,33.54,1825,-9,3.742,2.159,0.969,5.901,0.03149066709137085,data- Tanzania.xlsx
Tan_Kar_Maiz_1984-85_N,Tanzania,-3.35,35.67,1560,-9,6.3,0.8,0.98,7.1,0.020202707317519466,ND
Tan_Dar_Maiz_1989-90_N,Tanzania,-4.239,35.498,1660,-9,7.151,3.2,0.987,10.350999999999999,0.01308523954865548,ND
Tan_Rho_Maiz_1989-90_N,Tanzania,-3.29,35.71,1670,-9,4.7,0.6,0.96,5.3,0.040821994520255166,ND
Tan_Don_Maiz_1989-90_N,Tanzania,-4.06,35.35,1980,-9,6.9,2.5,0.97,9.4,0.030459207484708574,ND
Tan_Nga_Maiz_1989-90_N,Tanzania,-3.32,36.63,1500,-9,6.6,1.2,0.99,7.8,0.01005033585350145,ND
Tan_Bas_Maiz_1989-93_N,Tanzania,-4.439,35.149,1730,-9,7.184,2.877,0.986,10.061,0.014098924379501648,"Wortmann, C., C. Senkoro, A.R. Cyamweshi, C. Kibunja, D. Nko"
Tan_End_Maiz_1990/91_N,Tanzania,-3.3,35.7,1560,-9,5.2,0.6,0.98,5.8,0.020202707317519466,ND
Tan_Hay_Maiz_1990/91_N,Tanzania,-4.195,35.026,1730,-9,7,0,0.0001,7.0,9.210340371976182,ND
Tan_Dar_Maiz_1990/91 _N,Tanzania,-4.239,35.498,1660,-9,4.206,1.897,0.977,6.103000000000001,0.02326862693935433,ND
Tan_Lub_Maiz_2010-11_N,Tanzania,-6.46,38.33,270,-9,3.229,1.683,0.987,4.912,0.01308523954865548,data- Tanzania.xlsx
Tan_Nya_Maiz_2010-11_N,Tanzania,-1.417,34.517,1392,-9,1.78,0.66,0.981,2.44,0.019182819416773987,data- Tanzania.xlsx
Tan_Sul_Maiz_2010-12_N,Tanzania,-10.58,36.13,790,-9,4.705,2.109,0.99,6.814,0.01005033585350145,data- Tanzania.xlsx
Tan_Mbi_Maiz_2010-12_N,Tanzania,-9.08827,32.95462,1593,-9,4.239,1.602,0.991,5.841,0.00904074465214907,data- Tanzania.xlsx
Tan_Mil_Maiz_2010-12_N,Tanzania,-7.6735,31.39156,1842,-9,4.474,1.524,0.987,5.998,0.01308523954865548,data- Tanzania.xlsx
Tan_Rwa_Maiz_2011-12_N,Tanzania,-1.883,34.733,1544,-9,0.7,0,0.0001,0.7,9.210340371976182,data- Tanzania.xlsx
Tan_Mur_Maiz_2011-12_N,Tanzania,-1.35,34.617,1793,-9,1.6,0,0.0001,1.6,9.210340371976182,data- Tanzania.xlsx
Uga_Bul_Maiz_2009_N,Uganda,1.5,31.484,1020,27,3.5,2.67,0.99,6.17,0.01005033585350145,"Kaizzi et al data; Kaizzi, C.K., J. Byalebeka, O. Semalulu, "
Uga_Tor_Maiz_2009_N,Uganda,0.75,34.235,1210,12,2.561,1.569,0.99,4.13,0.01005033585350145,"Kaizzi et al data; Kaizzi, C.K., J. Byalebeka, O. Semalulu, "
Uga_Kap_Maiz_2009_N,Uganda,1.4,34.617,1880,37,3.91,2.619,0.951,6.529,0.05024121643674679,"Kaizzi et al data; Kaizzi, C.K., J. Byalebeka, O. Semalulu, "
Uga_Kwe_Maiz_2010_N,Uganda,1.826001,32.979633,1080,-9,6.072,3.479,0.966,9.551,0.03459144476961909,"Kaizzi et al data; Kaizzi, C.K., J. Byalebeka, O. Semalulu, "
Uga_Kwe_Maiz_2010_N,Uganda,1.826001,32.979633,1080,-9,4.6,1,0.95,5.6,0.05129329438755058,"Kaizzi et al data; Kaizzi, C.K., J. Byalebeka, O. Semalulu, "
Uga_Buk_Maiz_2010_N,Uganda,0.708773,33.357982,1160,-9,3.028,1.171,0.973,4.199,0.027371196796132015,"Kaizzi et al data; Kaizzi, C.K., J. Byalebeka, O. Semalulu, "
Uga_Buk_Maiz_2010_N,Uganda,0.708773,33.357982,1160,-9,2.71,1.105,0.924,3.815,0.07904320734045285,"Kaizzi et al data; Kaizzi, C.K., J. Byalebeka, O. Semalulu, "
Uga_Bul_Maiz_2011_N,Uganda,1.5,31.484,1020,28,5.317,2.965,0.989,8.282,0.011060947359424948,"Kaizzi et al data; Kaizzi, C.K., J. Byalebeka, O. Semalulu, "
Uga_Bul_Maiz_2011_N,Uganda,1.5,31.484,1020,28,4.727,2.734,0.952,7.461,0.04919024419077178,"Kaizzi et al data; Kaizzi, C.K., J. Byalebeka, O. Semalulu, "
Uga_Nge_Maiz_2011_N,Uganda,2.313011,32.928775,1080,16,2.003,1.142,0.91,3.145,0.09431067947124129,"Kaizzi et al data; Kaizzi, C.K., J. Byalebeka, O. Semalulu, "
Uga_Nge_Maiz_2011_N,Uganda,2.313011,32.928775,1080,16,3,1.241,0.971,4.241,0.029428810690812168,"Kaizzi et al data; Kaizzi, C.K., J. Byalebeka, O. Semalulu, "
Uga_Tor_Maiz_2011_N,Uganda,0.75,34.235,1210,14,1.918,0.79,0.963,2.708,0.03770186718401153,"Kaizzi et al data; Kaizzi, C.K., J. Byalebeka, O. Semalulu, "
Uga_Tor_Maiz_2011_N,Uganda,0.75,34.235,1210,14,1.707,0.913,0.978,2.62,0.022245608947319737,"Kaizzi et al data; Kaizzi, C.K., J. Byalebeka, O. Semalulu, "
Zam_Mt._Maiz_1996-97_N,Zambia,-15.55,28.25,1330,-9,3,0.75,0.97,3.75,0.030459207484708574,"Moses Mwale, l.K. Phiri, Norman M. Manyowa, K. Munyinda and "
Zam_Mt._Maiz_1996-97_N,Zambia,-15.55,28.25,1330,-9,2.6,1.6,0.97,4.2,0.030459207484708574,"Moses Mwale, l.K. Phiri, Norman M. Manyowa, K. Munyinda and "
Zim_Agr_Maiz_1990-91_N,Zimbabwe,-19.833,30.8,1270,-9,1.29,1.058,0.991,2.348,0.00904074465214907,Grain legumes and Green Manures for Soil Fertility in Southe
Zim_Agr_Maiz_1990-91_N,Zimbabwe,-19.833,30.8,1270,-9,0.74,0.48,0.95,1.22,0.05129329438755058,Grain legumes and Green Manures for Soil Fertility in Southe
Ken_OlN_Maiz_1989_N,Kenya,-0.304,36.275,1970,-9,9.13,2.6,0.87,11.73,0.13926206733350766,FURP
Ken_OlN_Maiz_1989_N,Kenya,-0.304,36.275,1970,-9,7.49,3.29,0.87,10.780000000000001,0.13926206733350766,FURP
Ken_Ota_Maiz_1988_N,Kenya,-0.72,34.762,1790,-9,7.3,0,0.0001,7.3,9.210340371976182,FURP
Rwa_Moy_Maiz_??_N,Rwanda,-2.0448,30.479,1425,-9,2.32,0.559,0.968,2.879,0.03252319170556006,Scalgia et al. FAO
Rwa_Moy_Maiz_??_N,Rwanda,-1.826,30.595,1550,-9,2.32,0.559,0.968,2.879,0.03252319170556006,Scalgia et al. FAO
Rwa_Ter_Maiz_??_N,Rwanda,-1.522,29.568,2130,-9,3.032,0.634,0.966,3.666,0.03459144476961909,Scalgia et al. FAO
Rwa_Imp_Maiz_??_N,Rwanda,-2.41,29.1,1690,-9,1.929,0.36,0.937,2.289,0.0650719967437148,Scalgia et al. FAO
Rwa_BAS_Maiz_??_N,Rwanda,-2.44,29.55,1886,-9,2.928,1.111,0.982,4.039,0.01816397062767118,Scalgia et al. FAO
Rwa_BAS_Maiz_??_N,Rwanda,-2.536,29.597,1870,-9,2.928,1.111,0.982,4.039,0.01816397062767118,Scalgia et al. FAO
Rwa_Pla_Maiz_??_N,Rwanda,-1.6,29.79,1800,-9,1.584,0.325,0.963,1.909,0.03770186718401153,Scalgia et al. FAO
Ken_Ota_Maiz_1991_N,Kenya,-0.72,34.762,1790,-9,3.9,1.55,0.965,5.45,0.03562717764315116,FURP
Ken_Kit_Maiz_1991_N,Kenya,0.991,35.125,1890,-9,7,1,0.9,8.0,0.10536051565782628,FURP
Ken_Mau_Maiz_1991_N,Kenya,-0.18,35.62,2530,-9,2.1,0,0.0001,2.1,9.210340371976182,FURP
Tan_Sel_Maiz_2014_N,Tanzania,-3.3597,36.6311,1400,-9,6.405,3.355,0.984,9.76,0.016129381929883644,"Wortmann, C., C. Senkoro, A.R. Cyamweshi, C. Kibunja, D. Nko"
Zam_Cho_Maiz_2014_N,Zambia,-17.148871,27.420373,565,-9,4.005,2.93,0.995,6.9350000000000005,0.005012541823544286,"Wortmann, C., C. Senkoro, A.R. Cyamweshi, C. Kibunja, D. Nko"
Mal_Mwa_Maiz_1994-95_N,Malawi,-15.6,34.5,260,-9,2.986,1.399,0.979,4.385,0.021223636451626688,Benson data base
Mal_Chi_Maiz_1994-95_N,Malawi,-15.66,34.95,690,-9,3.15,1.282,0.984,4.432,0.016129381929883644,Benson data base
Mal_Nor_Maiz_1994-95_N,Malawi,-11.33,33.93,1300,-9,2.921,1.518,0.982,4.439,0.01816397062767118,Benson data base
Mal_Mak_Maiz_1996_N,Malawi,-17.02,35.21,250,-9,4.388,3.378,0.944,7.766,0.057629112836636416,"Mafongoya et al, 2004.  IN: Soil fertility management in Afr"
Ken_Che_Maiz_2000_N,Kenya,0.583333,35.3,2100,-9,2.158,0.341,0.6,2.499,0.5108256237659907,"Okalebo, J.R., Palm, C.A., Lekasi, J.K., Nandwa, S.M., Othie"
Eth_Bak_Maiz_1989-96_N,Ethiopia,9.13,37.83,1650,-9,5.6,1.5,0.97,7.1,0.030459207484708574,"Tolessa Debele,: N,P fertilizer trail on Gutto and BH-140 ma"
Eth_Chi_Maiz_2008-10_N,Ethiopia,9.08,40.86,1780,-9,6.267,3.769,0.976,10.036000000000001,0.024292692569044587,Zelalem Bekeko. 2014. Effect of enriched farmyard manure and
Eth_Ach_Maiz_2013_N,Ethiopia,11.341,36.93898,2020,26,6.79,3.45,0.7,10.24,0.35667494393873245,Alemayehu unpubl
Gha_Eju_Maiz_2008_N,Ghana,7.367,-1.32,110,-9,5.248,3.926,0.984,9.174,0.016129381929883644,"Fosu-Mensah, B.Y., D.S. MacCarthy, P.L.G. Vlek, E.Y. Safo. 2"
Gha_Eju_Maiz_2008_N,Ghana,7.367,-1.32,110,-9,4.762,3.455,0.976,8.216999999999999,0.024292692569044587,"Fosu-Mensah, B.Y., D.S. MacCarthy, P.L.G. Vlek, E.Y. Safo. 2"
Ken_Nya_Maiz_2001-02_N,Kenya,0.58,35.31,2150,-9,4.656,0,0.0001,4.656,9.210340371976182,"Kihara J., Kimetu J.M., Vanlauwe B., Bationo ., Waswa B. and"
Ken_Ema_Maiz_2003-06_N,Kenya,-2.07,37.47,1160,-9,1.052,0,0.0001,1.052,9.210340371976182,"J.M. Miriti, A.O. Esilaba, A. Bationo, H.K. Cheruiyot, A.N. "
Ken_Ema_Maiz_2003-06_N,Kenya,-2.07,37.47,1160,-9,2.528,0.847,0.991,3.375,0.00904074465214907,"J.M. Miriti, A.O. Esilaba, A. Bationo, H.K. Cheruiyot, A.N. "
Ken_Mau_Maiz_1990_N,Kenya,-0.0843,36.651,2530,-9,5,0,0.0001,5.0,9.210340371976182,FURP
Ken_Mau_Maiz_1991_N,Kenya,-0.0843,36.651,2530,-9,3.3,0,0.0001,3.3,9.210340371976182,FURP
Ken_Che_Maiz_1990_N,Kenya,-0.655,35.17,1840,-9,7.5,0.6,0.84,8.1,0.1743533871447778,FURP
Ken_Che_Maiz_1991_N,Kenya,-0.655,35.17,1840,-9,6.7,0,0.0001,6.7,9.210340371976182,FURP
Ken_Mum_Maiz_1989_N,Kenya,0.341,34.4827,1310,-9,1.41,0.3,0.88,1.71,0.12783337150988489,FURP
Ken_Ota_Maiz_1989_N,Kenya,-0.7186,34.758,1780,-9,7,2.3,0.92,9.3,0.08338160893905101,FURP
Ken_Ota_Maiz_??_N,Kenya,-0.72,34.762,1790,-9,2.04,0,0.0001,2.04,9.210340371976182,FURP
Ken_Sos_Maiz_1991_N,Kenya,-0.371,35.174,1890,-9,4.7,1,0.93,5.7,0.07257069283483537,FURP
Ken_Vih_Maiz_1988_N,Kenya,0.0759,34.72,1620,-9,7.41,0.76,0.92,8.17,0.08338160893905101,FURP
Ken_Vih_Maiz_1989_N,Kenya,0.09263,34.7231,1600,-9,4.2,1.3,0.98,5.5,0.020202707317519466,FURP
Ken_Vih_Maiz_1990_N,Kenya,0.09189,34.7185,1600,-9,3.88,0.56,0.87,4.4399999999999995,0.13926206733350766,FURP
Mal_Mak_Maiz_1998-99_N,Malawi,-15.5,35.25,1030,-9,3.2,2.2,0.97,5.4,0.030459207484708574,"F. K. AKINNIFESI, W. MAKUMBA and F. R. KWESIGA. SUSTAINABLE "
Nig_Bau_Maiz_1995-96_N,Nigeria,10.016667,9.78,530,4,2.594,1.882,0.972,4.476,0.028399474521698,"CARSKY R.J., OYEWOLE B., TIAN G., 1999. Integrated soil mana"
Nig_Bau_Maiz_1995-96_N,Nigeria,10.016667,9.78,530,4,1.702,0.822,0.904,2.524,0.10092591858996053,"CARSKY R.J., OYEWOLE B., TIAN G., 1999. Integrated soil mana"
Tan_S2-_Maiz_1997_N,Tanzania,-5.14,38.87,80,-9,3.6,1,0.9,4.6,0.10536051565782628,Jeremias G. Mowo. Effectiveness of Phosphate Rock on Ferrals
Tan_S3-_Maiz_1997_N,Tanzania,-5.13,38.88,80,-9,1.84,1.403,0.98,3.2430000000000003,0.020202707317519466,Jeremias G. Mowo. Effectiveness of Phosphate Rock on Ferrals
Tan_Pan_Maiz_2010_N,Tanzania,-5.283,38.65,253,-9,3.637,0.146,0.956,3.783,0.044997365930735805,data- Tanzania.xlsx
Tan_Mbe_Maiz_1982-86_N,Tanzania,-8.91,33.54,1825,-9,4.592,2.619,0.98,7.211,0.020202707317519466,data- Tanzania.xlsx
Tan_Mur_Maiz_2010-11_N,Tanzania,-1.35,34.617,1793,-9,2.77,0,0.0001,2.77,9.210340371976182,data- Tanzania.xlsx
Uga_Bul_Maiz_2009_N,Uganda,1.5,31.484,1020,27,2.438,1.559,0.969,3.997,0.03149066709137085,"Kaizzi et al data; Kaizzi, C.K., J. Byalebeka, O. Semalulu, "
Uga_Nge_Maiz_2009_N,Uganda,2.313011,32.928775,1080,19,3.701,2.201,0.938,5.902,0.06400532997591243,"Kaizzi et al data; Kaizzi, C.K., J. Byalebeka, O. Semalulu, "
Uga_Tor_Maiz_2009_N,Uganda,0.75,34.235,1210,12,2.273,1.32,0.973,3.593,0.027371196796132015,"Kaizzi et al data; Kaizzi, C.K., J. Byalebeka, O. Semalulu, "
Uga_Bul_Maiz_2010_N,Uganda,1.5,31.484,1020,26,3.558,2.354,0.935,5.912,0.06720874969344999,"Kaizzi et al data; Kaizzi, C.K., J. Byalebeka, O. Semalulu, "
Uga_Kwe_Maiz_2010_N,Uganda,1.826001,32.979633,1080,-9,5.062,1.488,0.936,6.550000000000001,0.06613980250454495,"Kaizzi et al data; Kaizzi, C.K., J. Byalebeka, O. Semalulu, "
Uga_Nge_Maiz_2010_N,Uganda,2.313011,32.928775,1080,16,5.194,2.958,0.956,8.152000000000001,0.044997365930735805,"Kaizzi et al data; Kaizzi, C.K., J. Byalebeka, O. Semalulu, "
Uga_Kiz_Maiz_2010_N,Uganda,1.35,32.2,1160,-9,3.483,1.536,0.964,5.019,0.03666398437159147,"Kaizzi et al data; Kaizzi, C.K., J. Byalebeka, O. Semalulu, "
Uga_Buk_Maiz_2010_N,Uganda,0.708773,33.357982,1160,-9,3.767,2.187,0.955,5.954,0.046043938501406846,"Kaizzi et al data; Kaizzi, C.K., J. Byalebeka, O. Semalulu, "
Uga_Tor_Maiz_2010_N,Uganda,0.75,34.235,1210,15,4.713,2.571,0.896,7.284000000000001,0.10981486600720657,"Kaizzi et al data; Kaizzi, C.K., J. Byalebeka, O. Semalulu, "
Uga_Kap_Maiz_2010_N,Uganda,1.4,34.617,1880,31,5.697,2.434,0.994,8.131,0.006018072325563021,"Kaizzi et al data; Kaizzi, C.K., J. Byalebeka, O. Semalulu, "
Uga_Kap_Maiz_2010_N,Uganda,1.4,34.617,1880,31,5.208,2.847,0.982,8.055,0.01816397062767118,"Kaizzi et al data; Kaizzi, C.K., J. Byalebeka, O. Semalulu, "
Uga_Buk_Maiz_2011_N,Uganda,0.708773,33.357982,1160,-9,2.741,1.04,0.95,3.781,0.05129329438755058,"Kaizzi et al data; Kaizzi, C.K., J. Byalebeka, O. Semalulu, "
Uga_Kap_Maiz_2011_N,Uganda,1.4,34.617,1880,30,2.198,1.245,0.958,3.443,0.04290750101127655,"Kaizzi et al data; Kaizzi, C.K., J. Byalebeka, O. Semalulu, "
Ken_OlN_Maiz_1988_N,Kenya,-0.304,36.275,1970,-9,10.41,2.28,0.9,12.69,0.10536051565782628,FURP
Ken_OlN_Maiz_1990_N,Kenya,-0.304,36.275,1970,-9,3.43,0,0.0001,3.43,9.210340371976182,FURP
Ken_OlN_Maiz_1991_N,Kenya,-0.304,36.275,1970,-9,10,5,0.975,15.0,0.025317807984289897,FURP
Ken_Kit_Maiz_1991_N,Kenya,0.991,35.125,1890,-9,8.4,2,0.88,10.4,0.12783337150988489,FURP
Ken_Mau_Maiz_1989_N,Kenya,-0.18,35.62,2530,-9,6.622,0,0.0001,6.622,9.210340371976182,FURP
Ken_Mau_Maiz_1991_N,Kenya,-0.18,35.62,2530,-9,3.71,0,0.0001,3.71,9.210340371976182,FURP
Tan_Ilo_Maiz_2014_N,Tanzania,-6.7829,37.037,490,-9,5.94,2.043,0.96,7.9830000000000005,0.040821994520255166,"Wortmann, C., C. Senkoro, A.R. Cyamweshi, C. Kibunja, D. Nko"
Mal_Bou_Maiz_2014_N,Mali,11.387371,-7.47747,329,-9,5.561,3.031,0.984,8.592,0.016129381929883644,"Maman, N., L. Traoré, M. Garba; M.K. Dicko, A. Gonda, and C."
Mal_Dio_Maiz_2014_N,Mali,12.694073,-7.013905,309,-9,3.6,0,0.0001,3.6,9.210340371976182,"Maman, N., L. Traoré, M. Garba; M.K. Dicko, A. Gonda, and C."
Gha_Deb_Maiz_2003_N,Ghana,7.88,2.55,240,-9,7.09,3.2,0.994,10.29,0.006018072325563021,Annin et al CRI maize and cassava report
Gha_Nko_Maiz_2003_N,Ghana,7.57,1.7,310,-9,2.474,0.794,0.987,3.2680000000000002,0.01308523954865548,Annin et al CRI maize and cassava report
Gha_Nko_Maiz_2004_N,Ghana,7.57,1.7,310,-9,1.954,0.84,0.97,2.794,0.030459207484708574,Annin et al CRI maize and cassava report
Gha_Dam_Maiz_??_N,Ghana,9.08,1.83,200,-9,1.14,0,0.0001,1.14,9.210340371976182,SARI SRI AgSSIP 2002-4
Gha_Dam_Maiz_??_N,Ghana,9.08,1.83,200,-9,5.866,3.16,0.983,9.026,0.017146158834970514,SARI SRI AgSSIP 2002-4
Ken_Che_Maiz_1997-00_N,Kenya,0.583333,35.3,1420,-9,2.91,1.4,0.97,4.3100000000000005,0.030459207484708574,"Okalebo, J.R., Palm, C.A., Lekasi, J.K., Nandwa, S.M., Othie"
Ken_Che_Maiz_1997-00_N,Kenya,0.583333,35.3,1420,-9,3.55,1.75,0.95,5.3,0.05129329438755058,"Okalebo, J.R., Palm, C.A., Lekasi, J.K., Nandwa, S.M., Othie"
Zam_Lus_Maiz_??_N,Zambia,-15,28,1100,-9,1.627,0.819,0.99,2.4459999999999997,0.01005033585350145,FAO DataPort
Zam_Lus_Maiz_??_N,Zambia,-15,28,1100,-9,3.967,1.927,0.981,5.894,0.019182819416773987,FAO DataPort
Zam_Cop_Maiz_??_N,Zambia,-13,28,1200,-9,2.171,1.328,0.992,3.4989999999999997,0.008032171697264267,FAO DataPort
Zam_Cop_Maiz_??_N,Zambia,-13,28,1200,-9,3.598,1.92,0.989,5.518,0.011060947359424948,FAO DataPort
Rwa_But_Maiz_1987_N,Rwanda,-2.58,29.58,1780,-9,4.5,3.5,0.94,8.0,0.06187540371808753,ND
Eth_Bak_Maiz_1989-04_N,Ethiopia,9.13,37.83,1650,-9,5.288,0.632,0.928,5.92,0.07472354619593642,"Tolessa Debele,: N,P fertilizer trail on Gutto and BH-140 ma"
Eth_Chi_Maiz_2008-10_N,Ethiopia,9.08,40.86,1780,-9,2.676,1.223,0.928,3.899,0.07472354619593642,Zelalem Bekeko. 2014. Effect of enriched farmyard manure and
Eth_Ach_Maiz_2013_N,Ethiopia,11.341,36.93898,2020,26,3.955,1.426,0.928,5.381,0.07472354619593642,Alemayehu unpubl
Eth_Mer_Maiz_2013_N,Ethiopia,11.389,37.108,2020,34,2.979,2.273,0.927,5.252000000000001,0.07580171341628185,Alemayehu unpubl
Gha_Eju_Maiz_2008_N,Ghana,7.367,-1.32,110,-9,1.699,0.074,0.928,1.7730000000000001,0.07472354619593642,"Fosu-Mensah, B.Y., D.S. MacCarthy, P.L.G. Vlek, E.Y. Safo. 2"
Gha_Eju_Maiz_2008_N,Ghana,7.367,-1.32,110,-9,1.44,0.18,0.928,1.6199999999999999,0.07472354619593642,"Fosu-Mensah, B.Y., D.S. MacCarthy, P.L.G. Vlek, E.Y. Safo. 2"
Gha_Eju_Maiz_2008_N,Ghana,7.367,-1.32,110,-9,1.285,0,0.0001,1.285,9.210340371976182,"Fosu-Mensah, B.Y., D.S. MacCarthy, P.L.G. Vlek, E.Y. Safo. 2"
Gha_Eju_Maiz_2008_N,Ghana,7.367,-1.32,110,-9,1.272,0.352,0.928,1.624,0.07472354619593642,"Fosu-Mensah, B.Y., D.S. MacCarthy, P.L.G. Vlek, E.Y. Safo. 2"
Ken_Ota_Maiz_1988_N,Kenya,-0.72,34.762,1790,-9,7.4,0,0.0001,7.4,9.210340371976182,FURP
Ken_Ota_Maiz_1991_N,Kenya,-0.72,34.762,1790,-9,2.5,0,0.0001,2.5,9.210340371976182,FURP
Nig_Kog_Maiz_2007_N,Nigeria,8.21,6.14,310,10,2.9,2,0.927,4.9,0.07580171341628185,"Amhakhian, S., Isaac Osemwota, Charles Iledun. Oyewole. 2012"
Nig_Kog_Maiz_2008_N,Nigeria,8.21,6.14,310,10,3.58,2.18,0.928,5.76,0.07472354619593642,"Amhakhian, S., Isaac Osemwota, Charles Iledun. Oyewole. 2012"
Tan_S2-_Maiz_1997_N,Tanzania,-5.14,38.87,80,-9,2.82,1.05,0.9,3.87,0.10536051565782628,Jeremias G. Mowo. Effectiveness of Phosphate Rock on Ferrals
Tan_S2-_Maiz_1997_N,Tanzania,-5.14,38.87,80,-9,2.3,0.6,0.9,2.9,0.10536051565782628,Jeremias G. Mowo. Effectiveness of Phosphate Rock on Ferrals
Tan_S2-_Maiz_1997_N,Tanzania,-5.14,38.87,80,-9,2.3,0.65,0.9,2.9499999999999997,0.10536051565782628,Jeremias G. Mowo. Effectiveness of Phosphate Rock on Ferrals
Tan_S3-_Maiz_1997_N,Tanzania,-5.13,38.88,80,-9,1.35,0,0.0001,1.35,9.210340371976182,Jeremias G. Mowo. Effectiveness of Phosphate Rock on Ferrals
Tan_S3-_Maiz_1997_N,Tanzania,-5.13,38.88,80,-9,1.4,0,0.0001,1.4,9.210340371976182,Jeremias G. Mowo. Effectiveness of Phosphate Rock on Ferrals
Tan_S3-_Maiz_1997_N,Tanzania,-5.13,38.88,80,-9,1.48,0.29,0.9,1.77,0.10536051565782628,Jeremias G. Mowo. Effectiveness of Phosphate Rock on Ferrals
Tan_S3-_Maiz_1997_N,Tanzania,-5.13,38.88,80,-9,0.51,0.19,0.928,0.7,0.07472354619593642,Jeremias G. Mowo. Effectiveness of Phosphate Rock on Ferrals
Tan_Kwa_Maiz_2010_N,Tanzania,-4.96093,38.17085,483,-9,1.99,0.138,0.932,2.128,0.07042246429654582,data- Tanzania.xlsx
Tan_Tun_Maiz_1982-86_N,Tanzania,-11.06,37.29,600,-9,2.826,0.611,0.861,3.4370000000000003,0.14966077455440627,data- Tanzania.xlsx
Tan_Mbo_Maiz_1982-86_N,Tanzania,-8.96,32.32,1430,-9,2.932,0.63,0.925,3.562,0.0779615414697118,data- Tanzania.xlsx
Tan_Iri_Maiz_1982-86_N,Tanzania,-7.84,35.75,1610,-9,2.967,1.08,0.885,4.047000000000001,0.12216763397420753,data- Tanzania.xlsx
Tan_Rho_Maiz_1989-90_N,Tanzania,-3.29,35.71,1670,-9,4.7,0.2,0.928,4.9,0.07472354619593642,ND
Tan_Bas_Maiz_1989-93_N,Tanzania,-4.439,35.149,1730,-9,6,0,0.0001,6.0,9.210340371976182,"Wortmann, C., C. Senkoro, A.R. Cyamweshi, C. Kibunja, D. Nko"
Tan_Hay_Maiz_1990/91_N,Tanzania,-4.195,35.026,1730,-9,7,0,0.0001,7.0,9.210340371976182,ND
Mal_Dio_Maiz_2014_N,Mali,12.694073,-7.013905,309,-9,2.32,0.44,0.8,2.76,0.2231435513142097,"Maman, N., L. Traoré, M. Garba; M.K. Dicko, A. Gonda, and C."
Mal_Bou_Maiz_2014_N,Mali,11.387371,-7.47747,329,-9,3.112,0.404,0.8,3.516,0.2231435513142097,"Maman, N., L. Traoré, M. Garba; M.K. Dicko, A. Gonda, and C."
Mal_Low_Maiz_1994-95_N,Malawi,-16.9,35.25,200,-9,2.179,0,0.9,2.179,0.10536051565782628,Benson data base
Mal_Man_Maiz_1994-95_N,Malawi,-15.1,33.82,900,-9,2.641,0.104,0.9,2.745,0.10536051565782628,Benson data base
Mal_Shi_Maiz_1994-95_N,Malawi,-15.8,35.05,910,-9,2.514,0.113,0.9,2.627,0.10536051565782628,Benson data base
Mal_Mch_Maiz_1994-95_N,Malawi,-13.75,32.94,1170,-9,2.181,0.413,0.9,2.594,0.10536051565782628,Benson data base
Mal_Lil_Maiz_1994-95_N,Malawi,-13.65,33.66,1200,-9,2.69,0.45,0.9,3.14,0.10536051565782628,Benson data base
Mal_Nor_Maiz_1994-95_N,Malawi,-11.33,33.93,1300,-9,2.368,0.215,0.9,2.5829999999999997,0.10536051565782628,Benson data base
Eth_Paw_Maiz_-9_N,Ethiopia,11.15,35.35,1300,-9,4.596,1.077,0.921,5.673,0.08229524272683016,EIAR ppt
Eth_Bak_Maiz_1989-04_N,Ethiopia,9.13,37.83,1650,-9,6,0.3,0.928,6.3,0.07472354619593642,"Tolessa Debele,: N,P fertilizer trail on Gutto and BH-140 ma"
Eth_Mer_Maiz_2013_N,Ethiopia,11.678,37.269,1847,23,7.754,4.423,0.927,12.177,0.07580171341628185,Alemayehu unpubl
Eth_Mer_Maiz_2013_N,Ethiopia,11.678,37.269,1847,23,7.316,2.858,0.928,10.174,0.07472354619593642,Alemayehu unpubl
Eth_Fen_Maiz_2013_N,Ethiopia,11.333,36.939,2020,20,7.754,4.423,0.927,12.177,0.07580171341628185,Alemayehu unpubl
Eth_Fen_Maiz_2013_N,Ethiopia,11.333,36.939,2020,20,7.316,2.858,0.928,10.174,0.07472354619593642,Alemayehu unpubl
Gha_Eju_Maiz_2008_N,Ghana,7.367,-1.32,110,-9,4.572,1.049,0.928,5.621,0.07472354619593642,"Fosu-Mensah, B.Y., D.S. MacCarthy, P.L.G. Vlek, E.Y. Safo. 2"
Gha_Eju_Maiz_2008_N,Ghana,7.367,-1.32,110,-9,4.03,0.964,0.929,4.994,0.07364654016829848,"Fosu-Mensah, B.Y., D.S. MacCarthy, P.L.G. Vlek, E.Y. Safo. 2"
Ken_Ukw_Maiz_-9_N,Kenya,0.2043,34.2009,1043,6,2.3,1.4,0.927,3.6999999999999997,0.07580171341628185,Wasonga et al. Phosphorus requirements by maize… Afr Crop Sc
Ken_Abo_Maiz_-9_N,Kenya,0.2468,34.1649,1065,7,4.201,3.945,0.927,8.145999999999999,0.07580171341628185,Wasonga et al. Phosphorus requirements by maize… Afr Crop Sc
Ken_Abo_Maiz_-9_N,Kenya,0.2468,34.1649,1065,7,3.185,2.81,0.927,5.995,0.07580171341628185,Wasonga et al. Phosphorus requirements by maize… Afr Crop Sc
Ken_Vih_Maiz_1986-91_N,Kenya,0.08,34.72,1575,17,5,0,0.0001,5.0,9.210340371976182,B. O. Mochoge. FERTILIZER TRIAL RESULTS OF MAIZE AND MAIZE-B
Ken_Ota_Maiz_1986-91_N,Kenya,-0.7166,34.7618,1770,30,5.5,0.5,0.93,6.0,0.07257069283483537,B. O. Mochoge. FERTILIZER TRIAL RESULTS OF MAIZE AND MAIZE-B
Ken_Bar_Maiz_1991_N,Kenya,0.2326,35.096,2000,-9,4.06,0.51,0.87,4.569999999999999,0.13926206733350766,FURP
Ken_Mau_Maiz_1988_N,Kenya,-0.0843,36.651,2530,-9,5.39,1.53,0.92,6.92,0.08338160893905101,FURP
Ken_Kit_Maiz_1989_N,Kenya,1.019,35.002,1860,-9,8.22,0.8,0.84,9.020000000000001,0.1743533871447778,FURP
Ken_Kit_Maiz_1990_N,Kenya,1.019,35.002,1860,-9,9.01,1.11,0.928,10.12,0.07472354619593642,FURP
Ken_Che_Maiz_1991_N,Kenya,-0.655,35.17,1840,-9,7.1,0.2,0.9,7.3,0.10536051565782628,FURP
Ken_Che_Maiz_1989_N,Kenya,0.157,34.94,1750,-9,8.2,0.9,0.88,9.1,0.12783337150988489,FURP
Ken_Mum_Maiz_1988-90_N,Kenya,0.34385,34.479,1300,-9,1.75,0.83,0.86,2.58,0.15082288973458366,FURP
Ken_Ota_Maiz_1988_N,Kenya,-0.72,34.762,1790,-9,7.4,0,0.0001,7.4,9.210340371976182,FURP
Ken_Ota_Maiz_1990_N,Kenya,-0.7166,34.7618,1770,-9,4.1,0.7,0.86,4.8,0.15082288973458366,FURP
Ken_Ota_Maiz_??_N,Kenya,-0.72,34.762,1790,-9,2.6,1.64,0.928,4.24,0.07472354619593642,FURP
Ken_Ota_Maiz_??_N,Kenya,-0.72,34.762,1790,-9,0.54,0.32,0.91,0.8600000000000001,0.09431067947124129,FURP
Ken_Ota_Maiz_??_N,Kenya,-0.72,34.762,1790,-9,5,3.6,0.92,8.6,0.08338160893905101,FURP
Ken_Ota_Maiz_??_N,Kenya,-0.72,34.762,1790,-9,3.3,2.1,0.928,5.4,0.07472354619593642,FURP
Ken_Sos_Maiz_1987_N,Kenya,-0.371,35.174,1890,-9,5.9,1,0.83,6.9,0.18632957819149348,FURP
Ken_Sos_Maiz_1988_N,Kenya,-0.371,35.174,1890,-9,4.5,1,0.82,5.5,0.19845093872383832,FURP
Tan_S3-_Maiz_1997_N,Tanzania,-5.13,38.88,80,-9,1.89,0.43,0.9,2.32,0.10536051565782628,Jeremias G. Mowo. Effectiveness of Phosphate Rock on Ferrals
Tan_S3-_Maiz_1997_N,Tanzania,-5.13,38.88,80,-9,0.845,0.31,0.9,1.155,0.10536051565782628,Jeremias G. Mowo. Effectiveness of Phosphate Rock on Ferrals
Tan_S3-_Maiz_1997_N,Tanzania,-5.13,38.88,80,-9,1.128,0.608,0.91,1.7359999999999998,0.09431067947124129,Jeremias G. Mowo. Effectiveness of Phosphate Rock on Ferrals
Uga_Nge_Maiz_2009_N,Uganda,2.313011,32.928775,1080,19,2.4,0,0.0001,2.4,9.210340371976182,"Kaizzi et al data; Kaizzi, C.K., J. Byalebeka, O. Semalulu, "
Uga_Kaw_Maiz_2009_N,Uganda,0.75,32.533,1170,15,4.1,0.29,0.928,4.39,0.07472354619593642,"Kaizzi et al data; Kaizzi, C.K., J. Byalebeka, O. Semalulu, "
Uga_Kaw_Maiz_2009_N,Uganda,0.75,32.533,1170,15,4.411,0,0.0001,4.411,9.210340371976182,"Kaizzi et al data; Kaizzi, C.K., J. Byalebeka, O. Semalulu, "
Uga_Tor_Maiz_2009_N,Uganda,0.75,34.235,1210,12,2.3,0.5,0.928,2.8,0.07472354619593642,"Kaizzi et al data; Kaizzi, C.K., J. Byalebeka, O. Semalulu, "
Uga_Tor_Maiz_2009_N,Uganda,0.75,34.235,1210,12,2.209,0.312,0.928,2.521,0.07472354619593642,"Kaizzi et al data; Kaizzi, C.K., J. Byalebeka, O. Semalulu, "
Uga_Kap_Maiz_2009_N,Uganda,1.4,34.617,1880,37,4.133,0.277,0.928,4.41,0.07472354619593642,"Kaizzi et al data; Kaizzi, C.K., J. Byalebeka, O. Semalulu, "
Uga_Kap_Maiz_2009_N,Uganda,1.4,34.617,1880,37,4.411,0,0.0001,4.411,9.210340371976182,"Kaizzi et al data; Kaizzi, C.K., J. Byalebeka, O. Semalulu, "
Uga_Bul_Maiz_2010_N,Uganda,1.5,31.484,1020,26,3.4,0.1,0.928,3.5,0.07472354619593642,"Kaizzi et al data; Kaizzi, C.K., J. Byalebeka, O. Semalulu, "
Uga_Kaw_Maiz_2011_N,Uganda,0.75,32.533,1170,15,3.133,0.59,0.851,3.723,0.16134315040876293,"Kaizzi et al data; Kaizzi, C.K., J. Byalebeka, O. Semalulu, "
Uga_Kaw_Maiz_2011_N,Uganda,0.75,32.533,1170,15,3.323,0.682,0.746,4.005,0.2930296787783762,"Kaizzi et al data; Kaizzi, C.K., J. Byalebeka, O. Semalulu, "
Uga_Kap_Maiz_2011_N,Uganda,1.4,34.617,1880,30,2.206,0.528,0.891,2.734,0.11541085151132773,"Kaizzi et al data; Kaizzi, C.K., J. Byalebeka, O. Semalulu, "
Uga_Kap_Maiz_2011_N,Uganda,1.4,34.617,1880,30,4.226,0.367,0.819,4.593,0.1996711951290677,"Kaizzi et al data; Kaizzi, C.K., J. Byalebeka, O. Semalulu, "
Ken_OlN_Maiz_1988_N,Kenya,-0.304,36.275,1970,-9,9.742,0,0.0001,9.742,9.210340371976182,FURP
Ken_OlN_Maiz_1989_N,Kenya,-0.304,36.275,1970,-9,8.357,0,0.0001,8.357,9.210340371976182,FURP
Rwa_Ter_Maiz_??_N,Rwanda,-1.484,29.575,2020,-9,3.165,0.354,0.85,3.519,0.16251892949777494,Scalgia et al. FAO
Rwa_Pla_Maiz_??_N,Rwanda,-1.4521,29.44,1970,-9,1.772,0.291,0.867,2.063,0.1427163022015952,Scalgia et al. FAO
Rwa_Pla_Maiz_??_N,Rwanda,-1.6,29.79,1800,-9,1.772,0.291,0.867,2.063,0.1427163022015952,Scalgia et al. FAO
Rwa_Pla_Maiz_??_N,Rwanda,-1.868,29.446,1862,-9,1.772,0.291,0.867,2.063,0.1427163022015952,Scalgia et al. FAO
Tan_Mil_Maiz_2014_N,Tanzania,-5.1376,38.852,80,-9,4.661,0.945,0.81,5.606,0.21072103131565253,"Wortmann, C., C. Senkoro, A.R. Cyamweshi, C. Kibunja, D. Nko"
Tan_Ilo_Maiz_2014_N,Tanzania,-6.7829,37.037,490,-9,6.262,0.738,0.8,7.0,0.2231435513142097,"Wortmann, C., C. Senkoro, A.R. Cyamweshi, C. Kibunja, D. Nko"
Tan_Mav_Maiz_2014_N,Tanzania,-5.137774,38.8519,190,-9,4.489,1.107,0.928,5.596,0.07472354619593642,"Wortmann, C., C. Senkoro, A.R. Cyamweshi, C. Kibunja, D. Nko"
Mal_Bou_Maiz_2014_N,Mali,11.387371,-7.47747,329,-9,4.974,0.234,0.8,5.208,0.2231435513142097,"Maman, N., L. Traoré, M. Garba; M.K. Dicko, A. Gonda, and C."
Mal_Dio_Maiz_2014_N,Mali,12.694073,-7.013905,309,-9,3.1,0.527,0.928,3.6270000000000002,0.07472354619593642,"Maman, N., L. Traoré, M. Garba; M.K. Dicko, A. Gonda, and C."
Mal_Sam_Maiz_2014_N,Mali,12.53831,-8.070034,329,-9,4.05,0,0.0001,4.05,9.210340371976182,"Maman, N., L. Traoré, M. Garba; M.K. Dicko, A. Gonda, and C."
Cam_Bab_Maiz_1991_N,Cameroon,6.067,10.434,800,-9,6.2,0.526,0.928,6.726,0.07472354619593642,"Osiname OA, Meppe F, Everett L (2000) Response of maize(Zea "
Cam_Mfo_Maiz_1991_N,Cameroon,6.05,10.283,1230,-9,2.97,0.804,0.928,3.774,0.07472354619593642,"Osiname OA, Meppe F, Everett L (2000) Response of maize(Zea "
Rwa_But_Maiz_1987_N,Rwanda,-2.58,29.58,1780,-9,3.6,0,0.0001,3.6,9.210340371976182,ND
Mal_Low_Maiz_1994-95_N,Malawi,-16.9,35.25,200,-9,3.165,0.978,0.761,4.143,0.2731219211204512,Benson data base
Mal_Mwa_Maiz_1994-95_N,Malawi,-15.6,34.5,260,-9,2.825,0.495,0.761,3.3200000000000003,0.2731219211204512,Benson data base
Mal_Bwa_Maiz_1994-95_N,Malawi,-14.4,34.7,510,-9,3.126,0.159,0.761,3.2849999999999997,0.2731219211204512,Benson data base
Mal_Sal_Maiz_1991_N,Malawi,-13.76,34.45,500,-9,5.206,0.459,0.586,5.665,0.5344354894051245,"Weil, R. R.; Mughogho, S. K. 2000. Sulfur nutrition of maize"
Tog_Sar_Maiz_1987_N,Togo,6.2081,1.217,30,-9,2.524,1.043,0.928,3.567,0.07472354619593642,"Friesen, D.K. 1991. Fate and efficiency of sulfur fertilizer"
Tog_Sar_Maiz_1988_N,Togo,6.2081,1.217,30,-9,2.669,0.835,0.928,3.504,0.07472354619593642,"Friesen, D.K. 1991. Fate and efficiency of sulfur fertilizer"
Tog_Amo_Maiz_1986-88_N,Togo,6.21,1.22,30,-9,2.427,1.342,0.928,3.769,0.07472354619593642,"Friesen, D.K. 1991. Fate and efficiency of sulfur fertilizer"
Nig_Ilo_Maiz_1983_N,Nigeria,8.482,4.6579,310,6,4.178,0.263,0.8,4.441,0.2231435513142097,Uyovbisere E.O. & G. Lombin. 1990.Response of early maturing
Nig_Ilo_Maiz_1983_N,Nigeria,8.482,4.6579,310,6,4.116,-0.291,0.9,3.8249999999999997,0.10536051565782628,Uyovbisere E.O. & G. Lombin. 1990.Response of early maturing
Nig_Ilo_Maiz_1983_N,Nigeria,8.482,4.6579,310,6,4.222,0.561,0.5,4.783,0.6931471805599453,Uyovbisere E.O. & G. Lombin. 1990.Response of early maturing
Nig_Kaf_Maiz_1983_N,Nigeria,11.9,8.1,540,6,2.43,0,0.0001,2.43,9.210340371976182,Uyovbisere E.O. & G. Lombin. 1990.Response of early maturing
Nig_Yan_Maiz_1983_N,Nigeria,7.5,9,140,6,3.994,0.285,0.526,4.279,0.6424540662444271,Uyovbisere E.O. & G. Lombin. 1990.Response of early maturing
Nig_Ben_i-gMaiz_2014_N,Niger,11.979528,3.557361,176,-9,0.914,0.372,0.94,1.286,0.06187540371808753,"Maman, N., L. Traoré, M. Garba; M.K. Dicko, A. Gonda, and C."
Nig_Mar_i-gMaiz_2014_N,Niger,13.457478,7.101419,339,-9,1.104,0.25,0.91,1.354,0.09431067947124129,"Maman, N., L. Traoré, M. Garba; M.K. Dicko, A. Gonda, and C."
Ken_Kit_i-bMaiz_1991_N,Kenya,1.019,35.002,1860,-9,8,3.1,0.89,11.1,0.11653381625595151,FURP
Ken_Che_i-bMaiz_1988_N,Kenya,-0.655,35.17,1840,-9,6.65,1.35,0.89,8.0,0.11653381625595151,FURP
Ken_Che_i-bMaiz_1991_N,Kenya,-0.655,35.17,1840,-9,5.3,2,0.91,7.3,0.09431067947124129,FURP
Ken_Che_i-bMaiz_1990_N,Kenya,0.157,34.94,1750,-9,6.6,2.6,0.93,9.2,0.07257069283483537,FURP
Ken_Mau_i-bMaiz_1990_N,Kenya,-0.18,35.62,2530,-9,4,1.3,0.94,5.3,0.06187540371808753,FURP
Ken_Mau_i-bMaiz_1991_N,Kenya,-0.18,35.62,2530,-9,2.8,0,0.0001,2.8,9.210340371976182,FURP
Tan_Sel_i-bMaiz_2014_N,Tanzania,-3.3603,36.6312,1400,-9,6.877,1.744,0.983,8.621,0.017146158834970514,"Wortmann, C., C. Senkoro, A.R. Cyamweshi, C. Kibunja, D. Nko"
Ken_Muk_i-bMaiz_2003_N,Kenya,-0.583333,37.283333,1000,-9,6.5,2.5,0.97,9.0,0.030459207484708574,"Kimani S.K. Esilaba A.O., Odera M.M. Kimenye L. Vanlauwe B. "
Ken_Bar_i-bMaiz_1990_N,Kenya,0.2326,35.096,2000,-9,3.74,0.64,0.86,4.38,0.15082288973458366,FURP
Ken_Mau_i-bMaiz_1990_N,Kenya,-0.0843,36.651,2530,-9,4.97,0,0.0001,4.97,9.210340371976182,FURP
Ken_Mau_i-bMaiz_1991_N,Kenya,-0.0843,36.651,2530,-9,4.97,0,0.0001,4.97,9.210340371976182,FURP
Ken_Che_i-bMaiz_1990_N,Kenya,0.157,34.94,1750,-9,6.6,2.6,0.93,9.2,0.07257069283483537,FURP
Ken_Mum_i-bMaiz_1988-90_N,Kenya,0.34385,34.479,1300,-9,2.2,1.3,0.88,3.5,0.12783337150988489,FURP
Ken_Mum_i-bMaiz_1990_N,Kenya,0.34385,34.479,1300,-9,1.04,0.2,0.84,1.24,0.1743533871447778,FURP
Ken_Ota_i-bMaiz_1991_N,Kenya,-0.72,34.762,1790,-9,3.3,1.6,0.95,4.9,0.05129329438755058,FURP
Ken_Ota_i-bMaiz_1990_N,Kenya,-0.7166,34.7618,1770,-9,3.6,0.5,0.84,4.1,0.1743533871447778,FURP
Ken_Sos_i-bMaiz_1987_N,Kenya,-0.371,35.174,1890,-9,5.3,0,0.0001,5.3,9.210340371976182,FURP
Ken_Vih_i-bMaiz_1990_N,Kenya,0.09189,34.7185,1600,-9,4.15,0.9,0.81,5.050000000000001,0.21072103131565253,FURP
Ken_Kit_i-bMaiz_1991_N,Kenya,0.991,35.125,1890,-9,8.54,4.02,0.982,12.559999999999999,0.01816397062767118,FURP
Ken_Mau_i-bMaiz_1991_N,Kenya,-0.18,35.62,2530,-9,3.585,0,0.0001,3.585,9.210340371976182,FURP
Ken_Ota_i-bMaiz_1986-91_N,Kenya,-0.7166,34.7618,1770,30,4.779,1.601,0.928,6.38,0.07472354619593642,B. O. Mochoge. FERTILIZER TRIAL RESULTS OF MAIZE AND MAIZE-B
Ken_Ol _i-bMaiz_1986-91_N,Kenya,-0.072,36.38,2390,27,6.7,0,0.0001,6.7,9.210340371976182,B. O. Mochoge. FERTILIZER TRIAL RESULTS OF MAIZE AND MAIZE-B
Ken_Mau_i-bMaiz_1989_N,Kenya,-0.0843,36.651,2530,-9,6.08,3.3,0.927,9.379999999999999,0.07580171341628185,FURP
Ken_Mau_i-bMaiz_1990_N,Kenya,-0.0843,36.651,2530,-9,5.5,1.7,0.93,7.2,0.07257069283483537,FURP
Ken_Che_i-bMaiz_1990_N,Kenya,0.157,34.94,1750,-9,3.67,0,0.0001,3.67,9.210340371976182,FURP
Ken_Mum_i-bMaiz_1991_N,Kenya,0.343,34.482,1270,-9,1.2,0.7,0.88,1.9,0.12783337150988489,FURP
Ken_Ota_i-bMaiz_1988_N,Kenya,-0.72,34.762,1790,-9,5.6,1,0.928,6.6,0.07472354619593642,FURP
Ken_Kit_i-bMaiz_1991_N,Kenya,0.991,35.125,1890,-9,5,0,0.0001,5.0,9.210340371976182,FURP
Ken_Mau_i-bMaiz_1990_N,Kenya,-0.18,35.62,2530,-9,5.5,2.9,0.8,8.4,0.2231435513142097,FURP
Ken_Kag_i-bMaiz_1986-91_N,Kenya,0.09,37.8,1460,9,3.508,0.282,0.928,3.79,0.07472354619593642,B. O. Mochoge. FERTILIZER TRIAL RESULTS OF MAIZE AND MAIZE-B
Ken_Bar_i-bMaiz_1991_N,Kenya,0.2326,35.096,2000,-9,2.44,0.3,0.83,2.7399999999999998,0.18632957819149348,FURP
Ken_Kit_i-bMaiz_1988_N,Kenya,1.019,35.002,1860,-9,6.9,0,0.0001,6.9,9.210340371976182,FURP
Ken_Kit_i-bMaiz_1989_N,Kenya,1.019,35.002,1860,-9,6.94,0,0.0001,6.94,9.210340371976182,FURP
Ken_Che_i-bMaiz_1990_N,Kenya,0.157,34.94,1750,-9,5.3,0,0.0001,5.3,9.210340371976182,FURP
Ken_Che_i-bMaiz_1991_N,Kenya,0.157,34.94,1750,-9,3.19,0.093,0.79,3.283,0.23572233352106983,FURP
Ken_Mum_i-bMaiz_1990_N,Kenya,0.34385,34.479,1300,-9,1.25,0.61,0.928,1.8599999999999999,0.07472354619593642,FURP
Ken_Mum_i-bMaiz_1991_N,Kenya,0.343,34.482,1270,-9,1.2,0.7,0.88,1.9,0.12783337150988489,FURP
Ken_Ota_i-bMaiz_1991_N,Kenya,-0.72,34.762,1790,-9,2.2,0,0.0001,2.2,9.210340371976182,FURP
Ken_Ota_i-bMaiz_1988_N,Kenya,-0.72,34.762,1790,-9,7.3,1.9,0.9,9.2,0.10536051565782628,FURP
Ken_Sos_i-bMaiz_1991_N,Kenya,-0.371,35.174,1890,-9,3.6,1.9,0.927,5.5,0.07580171341628185,FURP
Ken_Ota_i-bMaiz_1988_N,Kenya,-0.72,34.762,1790,-9,7.6,1.36,0.9,8.959999999999999,0.10536051565782628,FURP
Ken_Kit_i-bMaiz_1991_N,Kenya,0.991,35.125,1890,-9,7,0,0.0001,7.0,9.210340371976182,FURP
Ken_Mau_i-bMaiz_1991_N,Kenya,-0.18,35.62,2530,-9,3.7,1.35,0.928,5.050000000000001,0.07472354619593642,FURP
Tan_Ilo_i-ppMaiz_2014_N,Tanzania,-6.7856,37.037,490,-9,3.348,0.965,0.89,4.313,0.11653381625595151,"Wortmann, C., C. Senkoro, A.R. Cyamweshi, C. Kibunja, D. Nko"
Mal_Mak_i-glMaiz_1992-02_N,Malawi,-15.5,35.25,1030,151,5.348,1.617,0.954,6.965,0.04709160753385057,"F. K. AKINNIFESI, W. MAKUMBA and F. R. KWESIGA. SUSTAINABLE "
Mal_Mak_i-glMaiz_1998-99_N,Malawi,-15.5,35.25,1030,-9,3.8,0,0.0001,3.8,9.210340371976182,"F. K. AKINNIFESI, W. MAKUMBA and F. R. KWESIGA. SUSTAINABLE "
Nig_Giw_Maiz_2014_N,Nigeria,11.0955,7.5388,690,-9,3.049,-0.112,0.9,2.937,0.10536051565782628,"Serme, I., B. Tarfa, K. Ouattara, C.S. Wortmann. 2019. Maize"
Nig_Giw_Maiz_2014_N,Nigeria,11.0955,7.5388,690,-9,3.057,0,0.0001,3.057,9.210340371976182,"Serme, I., B. Tarfa, K. Ouattara, C.S. Wortmann. 2019. Maize"
Nig_Giw_Maiz_2014_N,Nigeria,11.0955,7.5388,690,-9,3.049,-0.113,0.9,2.936,0.10536051565782628,"Serme, I., B. Tarfa, K. Ouattara, C.S. Wortmann. 2019. Maize"
Nig_Dan_Maiz_2014_N,Nigeria,11.4,7.1705,710,-9,3.313,0.828,0.87,4.141,0.13926206733350766,"Serme, I., B. Tarfa, K. Ouattara, C.S. Wortmann. 2019. Maize"
Nig_Dan_Maiz_2014_N,Nigeria,11.4,7.1705,710,-9,3.047,-0.031,0.9,3.016,0.10536051565782628,"Serme, I., B. Tarfa, K. Ouattara, C.S. Wortmann. 2019. Maize"
Nig_Sab_Maiz_2014_N,Nigeria,11.177,7.6112,700,-9,3.446,-0.786,0.9,2.66,0.10536051565782628,"Serme, I., B. Tarfa, K. Ouattara, C.S. Wortmann. 2019. Maize"
Bur_Far_Maiz_2014_N,Burkina Faso,11.098431,-4.334028,427,-9,5.993,4.288,0.981,10.281,0.019182819416773987,"Serme, I., B. Tarfa, K. Ouattara, C.S. Wortmann. 2019. Maize"
Bur_Far_Maiz_2014_N,Burkina Faso,11.098431,-4.334028,427,-9,4.503,2.922,0.989,7.425000000000001,0.011060947359424948,"Serme, I., B. Tarfa, K. Ouattara, C.S. Wortmann. 2019. Maize"
Bur_Far_Maiz_2014_N,Burkina Faso,11.098431,-4.334028,427,-9,5.54,4.616,0.984,10.155999999999999,0.016129381929883644,"Serme, I., B. Tarfa, K. Ouattara, C.S. Wortmann. 2019. Maize"
Bur_Far_Maiz_2014_N,Burkina Faso,11.08991,-4.327542,422,-9,2.448,1.094,0.928,3.542,0.07472354619593642,"Serme, I., B. Tarfa, K. Ouattara, C.S. Wortmann. 2019. Maize"
Bur_Far_Maiz_2014_N,Burkina Faso,11.08991,-4.327542,422,-9,2.205,0,0.0001,2.205,9.210340371976182,"Serme, I., B. Tarfa, K. Ouattara, C.S. Wortmann. 2019. Maize"
Ken_Uni_i-mBean_2014_N,Kenya,0.5714,35.3089,2150,-9,0.706,0.207,0.8,0.9129999999999999,0.2231435513142097,"Kaizzi, C.K., R.A. Cyamweshi, C.N. Kibunja, C. Senkoro, D. N"
Ken_Kan_Maiz_2014_N,Kenya,-0.903735,37.056483,1550,-9,4.573,0.515,0.85,5.088,0.16251892949777494,"Wortmann, C., C. Senkoro, A.R. Cyamweshi, C. Kibunja, D. Nko"
Ken_Kan_Maiz_2014_N,Kenya,-0.903735,37.056483,1550,-9,3.7,0,0.0001,3.7,9.210340371976182,"Wortmann, C., C. Senkoro, A.R. Cyamweshi, C. Kibunja, D. Nko"
Ken_Kan_i-mBean_2014_N,Kenya,-0.893518,37.032513,1570,-9,0.473,0,0.0001,0.473,9.210340371976182,"Kaizzi, C.K., R.A. Cyamweshi, C.N. Kibunja, C. Senkoro, D. N"
Ken_Uni_Maiz_2014_N,Kenya,0.569385,35.307353,2150,-9,7.861,2.899,0.973,10.76,0.027371196796132015,"Wortmann, C., C. Senkoro, A.R. Cyamweshi, C. Kibunja, D. Nko"
Ken_Uni_i-bMaiz_2014_N,Kenya,0.569385,35.307353,2150,-9,4.3,0,0.0001,4.3,9.210340371976182,"Wortmann, C., C. Senkoro, A.R. Cyamweshi, C. Kibunja, D. Nko"
Ken_Njo_i-mBean_2014_N,Kenya,-0.34328,35.945943,2170,-9,0.422,-0.035,0.9,0.387,0.10536051565782628,"Kaizzi, C.K., R.A. Cyamweshi, C.N. Kibunja, C. Senkoro, D. N"
Ken_Njo_i-mBean_2014_N,Kenya,-0.34328,35.945943,2170,-9,0.29,-0.015,0.9,0.27499999999999997,0.10536051565782628,"Kaizzi, C.K., R.A. Cyamweshi, C.N. Kibunja, C. Senkoro, D. N"
Ken_Njo_Maiz_2014_N,Kenya,-0.343315,35.9458,2170,-9,4.284,0.397,0.85,4.681,0.16251892949777494,"Wortmann, C., C. Senkoro, A.R. Cyamweshi, C. Kibunja, D. Nko"
Ken_Njo_Maiz_2014_N,Kenya,-0.343315,35.9458,2170,-9,4.7,0,0.0001,4.7,9.210340371976182,"Wortmann, C., C. Senkoro, A.R. Cyamweshi, C. Kibunja, D. Nko"
Ken_Njo_Maiz_2014_N,Kenya,-0.343315,35.9458,2170,-9,4.51,0.382,0.927,4.8919999999999995,0.07580171341628185,"Wortmann, C., C. Senkoro, A.R. Cyamweshi, C. Kibunja, D. Nko"
Ken_Njo_i-bMaiz_2014_N,Kenya,-0.343315,35.9458,2170,-9,4.228,0.263,0.85,4.491,0.16251892949777494,"Wortmann, C., C. Senkoro, A.R. Cyamweshi, C. Kibunja, D. Nko"
Eth_Meh_Maiz_2014_N,Ethiopia,12.7038,39.7956,1545,-9,4.461,0.917,0.953,5.378,0.048140375327934984,"Liben, F.M.,  T. Adisu, O. Atnafu, I. Bekele, H. Berhe, C.S."
Gha_Mam_Maiz_2013_N,Ghana,7.0932,-1.3868,190,-9,1.369,0.216,0.8,1.585,0.2231435513142097,OFRA
Gha_Wen_Maiz_2013_N,Ghana,7.7959,-2.0982,130,-9,2.281,0.536,0.83,2.817,0.18632957819149348,OFRA
Gha_Mam_Maiz_2013_N,Ghana,7.0932,-1.3868,190,-9,1.422,-0.068,0.9,1.3539999999999999,0.10536051565782628,OFRA
Gha_Wen_Maiz_2013_N,Ghana,7.7959,-2.0982,130,-9,2.363,0.356,0.94,2.719,0.06187540371808753,OFRA
Gha_Mam_Maiz_2013_N,Ghana,7.0932,-1.3868,190,-9,1.62,-0.004,0.9,1.616,0.10536051565782628,OFRA
Gha_Wen_Maiz_2013_N,Ghana,7.7959,-2.0982,130,-9,2.191,-0.14,0.9,2.0509999999999997,0.10536051565782628,OFRA
Gha_Mam_Maiz_2013_N,Ghana,7.0932,-1.3868,190,-9,1.907,0.29,0.95,2.197,0.05129329438755058,OFRA
Zam_Mis_Maiz_1986/87_N,Zambia,-10.1706,31.2285,1370,-9,5.665,4.715,0.988,10.379999999999999,0.012072581234269249,Misamfu Reports
Zam_Mis_Maiz_1986/87_N,Zambia,-10.1706,31.2285,1370,-9,3.02,0,0.0001,3.02,9.210340371976182,Misamfu Reports
Zam_Mis_Maiz_1986/87_N,Zambia,-10.1706,31.2285,1370,-9,2.69,1.35,0.967,4.04,0.033556783528842754,Misamfu Reports
Zam_Mis_Maiz_1988/89_N,Zambia,-10.1706,31.2285,1370,-9,2.775,1.155,0.911,3.9299999999999997,0.0932123817221787,Misamfu Reports
Zam_Muf_Maiz_1989/90_N,Zambia,-12.60505,28.14115,1270,-9,0.25,0,0.0001,0.25,9.210340371976182,Misamfu Reports
Nig_Bay_Maiz_2009_N,Nigeria,11.966667,8.416667,458,0.39,5.862,4.544,0.988,10.405999999999999,0.012072581234269249,"Muhamman, M. A.; Auwalu, B. M.; Mohammed, S. G. 2014. Respon"
Eth_Mel_Maiz_2014_N,Ethiopia,8.4,39.35,1550,-9,7.705,3.675,0.902,11.379999999999999,0.10314075891951337,Addis Tadesse1 Hae Koo Kim. 2015. Yield Related Traits and Y
Nig_Iba_Maiz_2013_N,Nigeria,7.33,3.9,220,-9,4.44,1.88,0.924,6.32,0.07904320734045285,"Olaniyan, A. B. 2015. Evaluation of nitrogen fertilizer rate"
Gha_Nor_Maiz_2010_N,Ghana,10.503056,0.099,210,-9,2.52,0,0.0001,2.52,9.210340371976182,"Tetteh, F.M. and A.R. Nurudeen. 2015.Modeling site-specific "
Gha_Nor_Maiz_2011_N,Ghana,10.503056,0.099,210,-9,3,0.06899999999999995,0.83,3.069,0.18632957819149348,"Tetteh, F.M. and A.R. Nurudeen. 2015.Modeling site-specific "
Zam_Mt._Maiz_2013-14_N,Zambia,-15.54789,28.25141,1220,-9,3.858,2.841,0.976,6.699,0.024292692569044587,"Wortmann, C., C. Senkoro, A.R. Cyamweshi, C. Kibunja, D. Nko"
Zam_Mt._Maiz_2014-15_N,Zambia,-15.54789,28.25141,1220,-9,2.153,0.513,0.85,2.666,0.16251892949777494,"Wortmann, C., C. Senkoro, A.R. Cyamweshi, C. Kibunja, D. Nko"
Zam_Mt._Maiz_2015_N,Zambia,-15.54789,28.25141,1220,-9,4.876,1.906,0.964,6.782,0.03666398437159147,"Wortmann, C., C. Senkoro, A.R. Cyamweshi, C. Kibunja, D. Nko"
Zam_Mse_Maiz_2013-14_N,Zambia,-13.63988,32.55522,1224,-9,5.367,2.383,0.985,7.75,0.015113637810048184,"Wortmann, C., C. Senkoro, A.R. Cyamweshi, C. Kibunja, D. Nko"
Zam_Mis_Maiz_2013-14_N,Zambia,-10.1706,31.2285,1370,-9,1.944,1.311,0.94,3.255,0.06187540371808753,"Wortmann, C., C. Senkoro, A.R. Cyamweshi, C. Kibunja, D. Nko"
Zam_Mt._Maiz_2013-14_N,Zambia,-15.54789,28.25141,1220,-9,4.129,0,0.0001,4.129,9.210340371976182,"Wortmann, C., C. Senkoro, A.R. Cyamweshi, C. Kibunja, D. Nko"
Zam_Mt._Maiz_2014-15_N,Zambia,-15.54789,28.25141,1220,-9,2.725,0.941,0.94,3.666,0.06187540371808753,"Wortmann, C., C. Senkoro, A.R. Cyamweshi, C. Kibunja, D. Nko"
Zam_Mt._Maiz_2015_N,Zambia,-15.54789,28.25141,1220,-9,4.213,0,0.0001,4.213,9.210340371976182,"Wortmann, C., C. Senkoro, A.R. Cyamweshi, C. Kibunja, D. Nko"
Zam_Mse_Maiz_2013-14_N,Zambia,-13.63988,32.55522,1224,-9,4.521,0,0.0001,4.521,9.210340371976182,"Wortmann, C., C. Senkoro, A.R. Cyamweshi, C. Kibunja, D. Nko"
Zam_Mis_Maiz_2013-14_N,Zambia,-10.1706,31.2285,1370,-9,2.033,0.167,0.89,2.1999999999999997,0.11653381625595151,"Wortmann, C., C. Senkoro, A.R. Cyamweshi, C. Kibunja, D. Nko"
Zam_Mis_Maiz_2013-14_N,Zambia,-10.1706,31.2285,1370,-9,1.267,0.733,0.82,2.0,0.19845093872383832,"Wortmann, C., C. Senkoro, A.R. Cyamweshi, C. Kibunja, D. Nko"
Zam_Mt._Maiz_2013-14_N,Zambia,-15.54789,28.25141,1220,-9,3.298,0.23,0.79,3.528,0.23572233352106983,"Wortmann, C., C. Senkoro, A.R. Cyamweshi, C. Kibunja, D. Nko"
Zam_Mt._Maiz_2014-15_N,Zambia,-15.54789,28.25141,1220,-9,2.486,0.206,0.85,2.692,0.16251892949777494,"Wortmann, C., C. Senkoro, A.R. Cyamweshi, C. Kibunja, D. Nko"
Zam_Mt._Maiz_2015_N,Zambia,-15.54789,28.25141,1220,-9,6.641,1.121,0.8,7.7620000000000005,0.2231435513142097,"Wortmann, C., C. Senkoro, A.R. Cyamweshi, C. Kibunja, D. Nko"
Zam_Mt._Maiz_2015_N,Zambia,-15.54789,28.25141,1220,-9,5.21,-2.7,0.9,2.51,0.10536051565782628,"Wortmann, C., C. Senkoro, A.R. Cyamweshi, C. Kibunja, D. Nko"
Zam_Mse_Maiz_2013-14_N,Zambia,-13.63988,32.55522,1224,-9,5.917,-1.056,0.9,4.861,0.10536051565782628,"Wortmann, C., C. Senkoro, A.R. Cyamweshi, C. Kibunja, D. Nko"
Zam_Mse_Maiz_2013-14_N,Zambia,-13.63988,32.55522,1224,-9,4.972,0.639,0.85,5.611000000000001,0.16251892949777494,"Wortmann, C., C. Senkoro, A.R. Cyamweshi, C. Kibunja, D. Nko"
Zam_Mis_Maiz_2013-14_N,Zambia,-10.1706,31.2285,1370,-9,3.017,-0.972,0.9,2.045,0.10536051565782628,"Wortmann, C., C. Senkoro, A.R. Cyamweshi, C. Kibunja, D. Nko"
Moz_Sus_Maiz_2014-2015_N,Mozamibque,-19.317556,33.240421,620,-9,3.553,0.787,0.986,4.34,0.014098924379501648,OFRA
Moz_Wet_Maiz_2014-2015_N,Mozamibque,-17.8597,33.20409,660,-9,5.233,0.366,0.61,5.598999999999999,0.4942963218147801,OFRA
Moz_EAS_Maiz_2014-2015_N,Mozamibque,-19.317556,33.240421,620,-9,4.219,3.227,0.989,7.446,0.011060947359424948,OFRA
Moz_EAS_Maiz_2014-2015_N,Mozamibque,-19.317556,33.240421,620,-9,3.507,1.759,0.958,5.266,0.04290750101127655,OFRA
Moz_Wet_Maiz_2014-2015_N,Mozamibque,-17.8597,33.20409,660,-9,2.192,0.236,0.9,2.428,0.10536051565782628,OFRA
Moz_Mat_Maiz_2014-2015_N,Mozamibque,-17.860299,33.203605,660,-9,3.03,0,0.0001,3.03,9.210340371976182,OFRA
Moz_Wet_Maiz_2014-2015_N,Mozamibque,-17.8597,33.20409,660,-9,4.057,1.491,0.64,5.548,0.4462871026284195,OFRA
Moz_Mat_Maiz_2014-2015_N,Mozamibque,-17.860299,33.203605,660,-9,4.542,0.188,0.82,4.7299999999999995,0.19845093872383832,OFRA
Moz_Sus_Maiz_2014-2015_N,Mozamibque,-19.317556,33.240421,620,-9,4.32,0,0.0001,4.32,9.210340371976182,OFRA
Moz_Wet_Maiz_2014-2015_N,Mozamibque,-17.8597,33.20409,660,-9,2.443,0.735,0.6,3.178,0.5108256237659907,OFRA
Mal_On-_Soyb_2014-15_N,Malawi,-14.18862,33.77156,1180,-9,5.181,2.643,0.989,7.824,0.011060947359424948,OFRA
Mal_On-_Maiz_2014-15_N,Malawi,-14.18862,33.77156,1180,-9,4.359,2.825,0.975,7.184,0.025317807984289897,"Wortmann, C., C. Senkoro, A.R. Cyamweshi, C. Kibunja, D. Nko"
Mal_Bun_Maiz_2014-15_N,Malawi,-14.17,33.74,1150,-9,7.079,0.184,0.94,7.263,0.06187540371808753,"Wortmann, C., C. Senkoro, A.R. Cyamweshi, C. Kibunja, D. Nko"
Mal_Sta_Maiz_2014-15_N,Malawi,-13.68333,34.26667,615,-9,3.963,-0.054,0.9,3.9090000000000003,0.10536051565782628,"Wortmann, C., C. Senkoro, A.R. Cyamweshi, C. Kibunja, D. Nko"
Tan_Sel_Maiz_2015_N,Tanzania,-3.360443,36.63237,1410,-9,5.162,2.586,0.976,7.747999999999999,0.024292692569044587,"Wortmann, C., C. Senkoro, A.R. Cyamweshi, C. Kibunja, D. Nko"
Tan_Bab_Maiz_2015_N,Tanzania,-4.21888,35.550833,1620,-9,7.382,-1.56,0.9,5.821999999999999,0.10536051565782628,"Wortmann, C., C. Senkoro, A.R. Cyamweshi, C. Kibunja, D. Nko"
Tan_Ilo_Maiz_2015_N,Tanzania,-6.78322,37.03545,495,-9,3.259,0.178,0.6,3.437,0.5108256237659907,"Wortmann, C., C. Senkoro, A.R. Cyamweshi, C. Kibunja, D. Nko"
Tan_Sel_Maiz_2015_N,Tanzania,-3.360443,36.63237,1410,-9,5.719,-1.216,0.9,4.503,0.10536051565782628,"Wortmann, C., C. Senkoro, A.R. Cyamweshi, C. Kibunja, D. Nko"
Tan_Bab_Maiz_2015_N,Tanzania,-4.21888,35.550833,1620,-9,5.977,-1.266,0.9,4.711,0.10536051565782628,"Wortmann, C., C. Senkoro, A.R. Cyamweshi, C. Kibunja, D. Nko"
Tan_Ilo_Maiz_2015_N,Tanzania,-6.78322,37.03545,495,-9,4.014,-0.87,0.9,3.144,0.10536051565782628,"Wortmann, C., C. Senkoro, A.R. Cyamweshi, C. Kibunja, D. Nko"
Tan_Sel_Maiz_2015_N,Tanzania,-3.360443,36.63237,1410,-9,4.916,1.132,0.6,6.048,0.5108256237659907,"Wortmann, C., C. Senkoro, A.R. Cyamweshi, C. Kibunja, D. Nko"
Tan_Bab_Maiz_2015_N,Tanzania,-4.21888,35.550833,1620,-9,2.97,0,0.0001,2.97,9.210340371976182,"Wortmann, C., C. Senkoro, A.R. Cyamweshi, C. Kibunja, D. Nko"
Tan_Ilo_i-ppMaiz_2015_N,Tanzania,-6.78322,37.03545,495,-9,2.549,1.441,0.927,3.99,0.07580171341628185,"Wortmann, C., C. Senkoro, A.R. Cyamweshi, C. Kibunja, D. Nko"
Tan_Sel_i-ppMaiz_2015_N,Tanzania,-3.360443,36.63237,1410,-9,2.766,0.5174000000000001,0.93,3.2834000000000003,0.07257069283483537,"Wortmann, C., C. Senkoro, A.R. Cyamweshi, C. Kibunja, D. Nko"
Tan_Ilo_i-ppMaiz_2015_N,Tanzania,-6.78322,37.03545,495,-9,2.53,0,0.0001,2.53,9.210340371976182,"Wortmann, C., C. Senkoro, A.R. Cyamweshi, C. Kibunja, D. Nko"
Tan_Bab_i-ppMaiz_2015_N,Tanzania,-4.21888,35.550833,1620,-9,3.97,0,0.0001,3.97,9.210340371976182,"Wortmann, C., C. Senkoro, A.R. Cyamweshi, C. Kibunja, D. Nko"
Tan_Ilo_i-ppMaiz_2015_N,Tanzania,-6.78322,37.03545,495,-9,2.549,-0.242,0.9,2.307,0.10536051565782628,"Wortmann, C., C. Senkoro, A.R. Cyamweshi, C. Kibunja, D. Nko"
Tan_Ilo_i-ppMaiz_2015_N,Tanzania,-6.78322,37.03545,495,-9,2.558,0.251,0.7,2.8089999999999997,0.35667494393873245,"Wortmann, C., C. Senkoro, A.R. Cyamweshi, C. Kibunja, D. Nko"
Tan_Sel_i-ppMaiz_2015_N,Tanzania,-3.360443,36.63237,1410,-9,3.419,-0.28,0.9,3.1390000000000002,0.10536051565782628,"Wortmann, C., C. Senkoro, A.R. Cyamweshi, C. Kibunja, D. Nko"
Tan_Bab_Pige_2015_N,Tanzania,-4.218667,35.5511,1610,-9,0.762,-0.218,0.9,0.544,0.10536051565782628,"Senkoro, C.J., A.E. Marandu, G.J. Ley, and C.S. Wortmann. 20"
Tan_Ilo_i-mPige_2015_N,Tanzania,-6.7831,37.03528,495,-9,0.4,0.27,0.9,0.67,0.10536051565782628,"Senkoro, C.J., A.E. Marandu, G.J. Ley, and C.S. Wortmann. 20"
Tan_Sel_i-mPige_2015_N,Tanzania,-3.36025,36.632083,1410,-9,1.152,-0.138,0.9,1.0139999999999998,0.10536051565782628,"Senkoro, C.J., A.E. Marandu, G.J. Ley, and C.S. Wortmann. 20"
Tan_Bab_i-mPige_2015_N,Tanzania,-4.218667,35.5511,1610,-9,0.762,0.163,0.955,0.925,0.046043938501406846,"Senkoro, C.J., A.E. Marandu, G.J. Ley, and C.S. Wortmann. 20"
Tan_Ilo_i-mPige_2015_N,Tanzania,-6.7831,37.03528,495,-9,0.612,-0.482,0.9,0.13,0.10536051565782628,"Senkoro, C.J., A.E. Marandu, G.J. Ley, and C.S. Wortmann. 20"
Tan_Sel_i-mPige_2015_N,Tanzania,-3.36025,36.632083,1410,-9,1.383,0.542,0.954,1.925,0.04709160753385057,"Senkoro, C.J., A.E. Marandu, G.J. Ley, and C.S. Wortmann. 20"
Tan_Kwe_Bean_2015_N,Tanzania,-5.4181,38.51575,350,-9,3.935,0.756,0.977,4.691,0.02326862693935433,"Kaizzi, C.K., R.A. Cyamweshi, C.N. Kibunja, C. Senkoro, D. N"
Tan_Mka_i-cMaiz_2015_N,Tanzania,-5.13531,38.85605,200,-9,3.117,-0.347,0.9,2.77,0.10536051565782628,"Wortmann, C., C. Senkoro, A.R. Cyamweshi, C. Kibunja, D. Nko"
Tan_Mka_i-mCowp_2015_N,Tanzania,-5.13531,38.85605,200,-9,0.582,-0.367,0.9,0.21499999999999997,0.10536051565782628,"Munthali, M.W, C. Senkoro, P. Nalivata, W.I. Makumba, J. Msa"
Tan_Mka_i-mCowp_2015_N,Tanzania,-5.13531,38.85605,200,-9,0.311,0.096,0.9,0.40700000000000003,0.10536051565782628,"Munthali, M.W, C. Senkoro, P. Nalivata, W.I. Makumba, J. Msa"
Tan_Mle_Maiz_2012_N,Tanzania,-10.63,36.35,894,-9,5.02,1.745,0.7,6.765,0.35667494393873245,None
Tan_Mta_Maiz_2011_N,Tanzania,-10.895,35.01,1485,-9,5.253,0.699,0.769,5.952,0.26266430947649305,None
Ken_KAL_i-bMaiz_2015_N,Kenya,1.0004,34.9929,1854,-9,3.916,-0.089,0.9,3.827,0.10536051565782628,"Wortmann, C., C. Senkoro, A.R. Cyamweshi, C. Kibunja, D. Nko"
Nig_Gay_Bean_2015_N,Niger,11.983056,3.559028,180,-9,1.142,0.173,0.899,1.315,0.10647224451051676,None
Nig_Mad_Maiz_2015_N,Niger,13.456444,7.101667,346,-9,2.982,1.093,0.942,4.075,0.05975000440577405,"Maman, N., L. Traoré, M. Garba; M.K. Dicko, A. Gonda, and C."
Nig_Mad_Maiz_2015_N,Niger,13.456444,7.101667,346,-9,3.213,0.074,0.711,3.287,0.3410828491788962,"Maman, N., L. Traoré, M. Garba; M.K. Dicko, A. Gonda, and C."
Nig_Gay_i-gMaiz_2015_N,Niger,11.983056,3.559028,180,-9,2.507,0.299,0.918,2.806,0.08555788836164654,"Maman, N., L. Traoré, M. Garba; M.K. Dicko, A. Gonda, and C."
Nig_Gay_i-mGrou_2015_N,Niger,11.983056,3.559028,180,-9,1.099,-0.007,0.9,1.092,0.10536051565782628,None
Bur_Far_Maiz_2015_N,Burkina Faso,11.08991,-4.327542,422,-9,2.66,1.413,0.967,4.073,0.033556783528842754,"Serme, I., B. Tarfa, K. Ouattara, C.S. Wortmann. 2020. Maize"
Bur_Far_Maiz_2015_N,Burkina Faso,11.08991,-4.327542,422,-9,2.099,0.965,0.91,3.064,0.09431067947124129,"Serme, I., B. Tarfa, K. Ouattara, C.S. Wortmann. 2020. Maize"
Bur_Far_Maiz_2015_N,Burkina Faso,11.08991,-4.327542,422,-9,3.843,3.333,0.959,7.176,0.04186420409869887,"Serme, I., B. Tarfa, K. Ouattara, C.S. Wortmann. 2020. Maize"
Bur_Far_Maiz_2015_N,Burkina Faso,11.08991,-4.327542,422,-9,3.076,2.35,0.933,5.426,0.06935007813479317,"Serme, I., B. Tarfa, K. Ouattara, C.S. Wortmann. 2020. Maize"
Bur_Far_Maiz_2015_N,Burkina Faso,11.08991,-4.327542,422,-9,2.105,-0.361,0.9,1.744,0.10536051565782628,"Serme, I., B. Tarfa, K. Ouattara, C.S. Wortmann. 2020. Maize"
Bur_Far_Maiz_2015_N,Burkina Faso,11.08991,-4.327542,422,-9,2.99,0.688,0.95,3.678,0.05129329438755058,"Serme, I., B. Tarfa, K. Ouattara, C.S. Wortmann. 2020. Maize"
Bur_Far_Maiz_2015_N,Burkina Faso,11.08991,-4.327542,422,-9,4.523,0.86,0.8,5.383,0.2231435513142097,"Serme, I., B. Tarfa, K. Ouattara, C.S. Wortmann. 2020. Maize"
Bur_Far_Maiz_2015_N,Burkina Faso,11.08991,-4.327542,422,-9,3.884,-0.674,0.9,3.21,0.10536051565782628,"Serme, I., B. Tarfa, K. Ouattara, C.S. Wortmann. 2020. Maize"
Bur_Far_Maiz_2015_N,Burkina Faso,11.08991,-4.327542,422,-9,3.14,-0.475,0.9,2.665,0.10536051565782628,"Serme, I., B. Tarfa, K. Ouattara, C.S. Wortmann. 2020. Maize"
Mal_Bou_Maiz_2015_N,Mali,11.386884,-7.478065,336,-9,4.732,-0.184,0.9,4.548,0.10536051565782628,"Maman, N., L. Traoré, M. Garba; M.K. Dicko, A. Gonda, and C."
Mal_Dio_Maiz_2015_N,Mali,12.693085,-7.015824,310,-9,3.268,0.694,0.75,3.9619999999999997,0.2876820724517809,"Maman, N., L. Traoré, M. Garba; M.K. Dicko, A. Gonda, and C."
Gha_Mam_Maiz_2014_N,Ghana,7.0473,-1.3856,400,6.2684226675,1.425,0.5,0.8,1.925,0.2231435513142097,OFRA
Gha_Mam_Maiz_2014_N,Ghana,7.0473,-1.3856,400,6.2684226675,1.369,0.216,0.8,1.585,0.2231435513142097,OFRA
Gha_Mam_Maiz_2014_N,Ghana,7.0473,-1.3856,400,6.2684226675,1.099,0.215,0.8,1.314,0.2231435513142097,OFRA
Zam_Mt._Maiz_2016_N,Zambia,-15.54789,28.25141,1220,-9,1.576,0.403,0.965,1.979,0.03562717764315116,"Wortmann, C., C. Senkoro, A.R. Cyamweshi, C. Kibunja, D. Nko"
Zam_Mse_Maiz_2016_N,Zambia,-13.63988,32.55522,1224,-9,1.109,0.14,0.75,1.249,0.2876820724517809,"Wortmann, C., C. Senkoro, A.R. Cyamweshi, C. Kibunja, D. Nko"
Zam_Mt._Maiz_2016_N,Zambia,-15.54789,28.25141,1220,-9,1.642,0.29,0.75,1.932,0.2876820724517809,"Wortmann, C., C. Senkoro, A.R. Cyamweshi, C. Kibunja, D. Nko"
Zam_Mt._Maiz_2016_N,Zambia,-15.54789,28.25141,1220,-9,1.599,0.321,0.75,1.92,0.2876820724517809,"Wortmann, C., C. Senkoro, A.R. Cyamweshi, C. Kibunja, D. Nko"
Tan_Uyo_Maiz_2016_N,Tanzania,-8.9147,33.5138,1770,-9,8.044,2.793,0.985,10.837,0.015113637810048184,"Wortmann, C., C. Senkoro, A.R. Cyamweshi, C. Kibunja, D. Nko"
Tan_Kwe_Maiz_2016_N,Tanzania,-4.5814,38.5154,350,-9,0,0,0.0001,0.0,9.210340371976182,"Wortmann, C., C. Senkoro, A.R. Cyamweshi, C. Kibunja, D. Nko"
Tan_Uyo_Maiz_2016_N,Tanzania,-8.9147,33.5138,1770,-9,8.015,2.395,0.975,10.41,0.025317807984289897,"Wortmann, C., C. Senkoro, A.R. Cyamweshi, C. Kibunja, D. Nko"
Tan_Kwe_Maiz_2016_N,Tanzania,-4.5814,38.5154,350,-9,0,0,0.0001,0.0,9.210340371976182,"Wortmann, C., C. Senkoro, A.R. Cyamweshi, C. Kibunja, D. Nko"
Tan_Dar_i-ppMaiz_2016_N,Tanzania,-3.766167,35.524167,1635,-9,8.541,0.438,0.878,8.979000000000001,0.1301086853470204,"Wortmann, C., C. Senkoro, A.R. Cyamweshi, C. Kibunja, D. Nko"
Tan_Dar_i-mPige_2016_N,Tanzania,-3.766167,35.524167,1635,-9,0.744,-0.048,0.9,0.696,0.10536051565782628,"Senkoro, C.J., A.E. Marandu, G.J. Ley, and C.S. Wortmann. 20"
Tan_Dar_Maiz_2016_N,Tanzania,-3.766167,35.524167,1635,-9,7.863,0,0.0001,7.863,9.210340371976182,"Wortmann, C., C. Senkoro, A.R. Cyamweshi, C. Kibunja, D. Nko"
Nig_Dan_Maiz_2015_N,Nigeria,11.433,7.1167,690,-9,6.768,0.854,0.947,7.622,0.054456185796058855,"Serme, I., B. Tarfa, K. Ouattara, C.S. Wortmann. 2019. Maize"
Nig_Giw_Maiz_2015_N,Nigeria,11.094278,7.539628,700,-9,2.639,-1.306,0.9,1.3329999999999997,0.10536051565782628,"Serme, I., B. Tarfa, K. Ouattara, C.S. Wortmann. 2019. Maize"
Nig_Dan_Maiz_2015_N,Nigeria,11.433,7.1167,690,-9,7.742,0.133,0.1,7.875,2.3025850929940455,"Serme, I., B. Tarfa, K. Ouattara, C.S. Wortmann. 2019. Maize"
Nig_Giw_Maiz_2015_N,Nigeria,11.094278,7.539628,700,-9,3.495,0.349,0.1,3.8440000000000003,2.3025850929940455,"Serme, I., B. Tarfa, K. Ouattara, C.S. Wortmann. 2019. Maize"
Nig_Giw_Maiz_2015_N,Nigeria,11.094278,7.539628,700,-9,3.655,0.347,0.1,4.002,2.3025850929940455,"Serme, I., B. Tarfa, K. Ouattara, C.S. Wortmann. 2019. Maize"
Ken_Kan_Maiz_2015_N,Kenya,-0.903735,37.056483,1550,-9,3.525,0.778,0.988,4.303,0.012072581234269249,"Wortmann, C., C. Senkoro, A.R. Cyamweshi, C. Kibunja, D. Nko"
Ken_Kan_Maiz_2015_N,Kenya,-0.903735,37.056483,1550,-9,4.125,1.547,0.981,5.672,0.019182819416773987,"Wortmann, C., C. Senkoro, A.R. Cyamweshi, C. Kibunja, D. Nko"
Ken_Mac_Maiz_2015_N,Kenya,-1.539,37.252,1585,-9,0.844,0.461,0.905,1.305,0.0998203352822109,"Wortmann, C., C. Senkoro, A.R. Cyamweshi, C. Kibunja, D. Nko"
Ken_Kan_Maiz_2015_N,Kenya,-0.465,37.719,1125,-9,4.341,0.473,0.75,4.814,0.2876820724517809,"Wortmann, C., C. Senkoro, A.R. Cyamweshi, C. Kibunja, D. Nko"
Ken_Kan_i-bMaiz_2015_N,Kenya,-0.903735,37.056483,1550,-9,2.612,0.841,0.971,3.4530000000000003,0.029428810690812168,"Wortmann, C., C. Senkoro, A.R. Cyamweshi, C. Kibunja, D. Nko"
Ken_Kan_i-bMaiz_2015_N,Kenya,-0.903735,37.056483,1550,-9,3.082,0.301,0.97,3.383,0.030459207484708574,"Wortmann, C., C. Senkoro, A.R. Cyamweshi, C. Kibunja, D. Nko"
Ken_Mac_i-bMaiz_2015_N,Kenya,-1.539,37.252,1585,-9,0.924,0.454,0.97,1.3780000000000001,0.030459207484708574,"Wortmann, C., C. Senkoro, A.R. Cyamweshi, C. Kibunja, D. Nko"
Ken_Emb_i-bMaiz_2015_N,Kenya,-0.4938,37.452,1500,-9,4.103,0.01,0.75,4.1129999999999995,0.2876820724517809,"Wortmann, C., C. Senkoro, A.R. Cyamweshi, C. Kibunja, D. Nko"
Ken_Kan_i-bMaiz_2015_N,Kenya,-0.903735,37.056483,1550,-9,1.458,-1.129,0.9,0.32899999999999996,0.10536051565782628,"Wortmann, C., C. Senkoro, A.R. Cyamweshi, C. Kibunja, D. Nko"
Ken_Kan_i-bMaiz_2015_N,Kenya,-0.903735,37.056483,1550,-9,3.459,-0.49,0.9,2.9690000000000003,0.10536051565782628,"Wortmann, C., C. Senkoro, A.R. Cyamweshi, C. Kibunja, D. Nko"
Ken_Mac_i-bMaiz_2015_N,Kenya,-1.539,37.252,1585,-9,0.837,-0.171,0.9,0.6659999999999999,0.10536051565782628,"Wortmann, C., C. Senkoro, A.R. Cyamweshi, C. Kibunja, D. Nko"
Ken_Kan_i-mBean_2015_N,Kenya,-0.465,37.719,1125,-9,0.207,0.163,0.971,0.37,0.029428810690812168,"Kaizzi, C.K., R.A. Cyamweshi, C.N. Kibunja, C. Senkoro, D. N"
Ken_Mac_i-mBean_2015_N,Kenya,-1.539,37.252,1585,-9,0.905,0.725,0.8,1.63,0.2231435513142097,"Kaizzi, C.K., R.A. Cyamweshi, C.N. Kibunja, C. Senkoro, D. N"
Ken_Mac_i-mBean_2015_N,Kenya,-1.539,37.252,1585,-9,0.848,0.51,0.8,1.358,0.2231435513142097,"Kaizzi, C.K., R.A. Cyamweshi, C.N. Kibunja, C. Senkoro, D. N"
Ken_Mac_i-mBean_2015_N,Kenya,-1.539,37.252,1585,-9,0.704,-0.042,0.9,0.6619999999999999,0.10536051565782628,"Kaizzi, C.K., R.A. Cyamweshi, C.N. Kibunja, C. Senkoro, D. N"
Ken_Kan_i-mBean_2015_N,Kenya,-0.903735,37.056483,1550,-9,0.318,0.047,0.905,0.365,0.0998203352822109,"Kaizzi, C.K., R.A. Cyamweshi, C.N. Kibunja, C. Senkoro, D. N"
Ken_Kan_i-mBean_2015_N,Kenya,-0.465,37.719,1125,-9,0.161,-0.067,0.9,0.094,0.10536051565782628,"Kaizzi, C.K., R.A. Cyamweshi, C.N. Kibunja, C. Senkoro, D. N"
Ken_Mac_i-mBean_2015_N,Kenya,-1.539,37.252,1585,-9,0.592,-0.324,0.9,0.26799999999999996,0.10536051565782628,"Kaizzi, C.K., R.A. Cyamweshi, C.N. Kibunja, C. Senkoro, D. N"
Moz_Gur_Maiz_2015_N,Mozambique,-15.7,36.804722,580,-9,1.538,-0.013,0.9,1.5250000000000001,0.10536051565782628,OFRA
Moz_Gur_Maiz_2015_N,Mozambique,-15.7,36.804722,580,-9,3.013,0.129,0.88,3.142,0.12783337150988489,OFRA
Moz_Gur_Maiz_2015_N,Mozambique ,-15.7,36.804722,580,-9,3.258,0.492,0.8,3.75,0.2231435513142097,OFRA
Moz_Mal_Maiz_2015_N,Mozambique,-14.751,37.44,580,-9,3.906,0.972,0.8,4.878,0.2231435513142097,OFRA
Moz_Gur_Maiz_2015_N,Mozambique,-15.7,36.804722,580,-9,7.808,1.392,0.937,9.2,0.0650719967437148,OFRA
Moz_Gur_Maiz_2015_N,Mozambique,-15.7,36.804722,580,-9,1.644,-0.022,0.9,1.6219999999999999,0.10536051565782628,OFRA
Tan_Uyo_Maiz_2014_N,Tanzania,-8.917,33.52,1780,1.75,3.633,2.133,0.99,5.766,0.01005033585350145,Jinsen Zheng . William N. Mmari . Tomohiro Nishigaki . Metho
Eth__Maiz_2013/5_N,Ethiopia,7.66393,36.7934,1800,,4.859999999999999,1.6199999999999992,0.86,6.479999999999999,0.15082288973458366,"Kebede T, Dawud J, Bekere W, Ameye T. Response of maize and "
Eth__Maiz_2013/5_N,Ethiopia,7.66393,36.7934,1800,,5.28,2.16,0.8,7.44,0.2231435513142097,"Kebede T, Dawud J, Bekere W, Ameye T. Response of maize and "
